pair_id,first,second,dataset,n_seeds,mean_auc_delta,sample_sd_auc_delta,ci_excludes_zero_first_better,ci_excludes_zero_second_better,ci_includes_zero,holm_primary_reject_first_better,holm_primary_reject_second_better,holm_global_reject_first_better,holm_global_reject_second_better
std_attn_out_r30_alpha120_p025__minus__std_attn_qv_r15_alpha60_p025,std_attn_out_r30_alpha120_p025,std_attn_qv_r15_alpha60_p025,Celeb-DF-v2,3,-0.013317911434236477,0.006388300866564176,0,2,1,0,1,0,1
std_attn_out_r30_alpha120_p025__minus__std_attn_qv_r15_alpha60_p025,std_attn_out_r30_alpha120_p025,std_attn_qv_r15_alpha60_p025,DFDC,3,-0.012996150764196765,0.0013647259013441077,0,3,0,0,3,0,3
std_attn_out_r30_alpha120_p025__minus__std_attn_qv_r15_alpha60_p025,std_attn_out_r30_alpha120_p025,std_attn_qv_r15_alpha60_p025,DFDCP,3,-0.01484992101105842,0.0034116517320819818,0,3,0,0,0,0,0
std_attn_out_r30_alpha120_p025__minus__std_attn_qv_r15_alpha60_p025,std_attn_out_r30_alpha120_p025,std_attn_qv_r15_alpha60_p025,DeeperForensics-1.0,3,0.0015149607882786926,0.0019127606221094242,0,0,3,0,0,0,0
std_attn_out_r30_alpha120_p025__minus__std_attn_qv_r15_alpha60_p025,std_attn_out_r30_alpha120_p025,std_attn_qv_r15_alpha60_p025,UADFV,3,0.0009718172983478693,0.005003698817420608,0,0,3,0,0,0,0
std_attn_out_r30_alpha120_p025__minus__std_attn_qv_r15_alpha60_p025,std_attn_out_r30_alpha120_p025,std_attn_qv_r15_alpha60_p025,WildDeepfake,3,0.010420979986197398,0.007827437890273454,0,0,3,0,0,0,0
std_attn_out_r30_alpha120_p025__minus__std_mlp_attn_out_r5_alpha20_p025,std_attn_out_r30_alpha120_p025,std_mlp_attn_out_r5_alpha20_p025,Celeb-DF-v2,3,-0.0089777484027318,0.0036837071791923997,0,2,1,0,0,0,0
std_attn_out_r30_alpha120_p025__minus__std_mlp_attn_out_r5_alpha20_p025,std_attn_out_r30_alpha120_p025,std_mlp_attn_out_r5_alpha20_p025,DFDC,3,-0.008485737214693811,0.008828561429068764,0,2,1,0,1,0,1
std_attn_out_r30_alpha120_p025__minus__std_mlp_attn_out_r5_alpha20_p025,std_attn_out_r30_alpha120_p025,std_mlp_attn_out_r5_alpha20_p025,DFDCP,3,-0.012782471323579939,0.014089735785504234,0,2,1,0,1,0,1
std_attn_out_r30_alpha120_p025__minus__std_mlp_attn_out_r5_alpha20_p025,std_attn_out_r30_alpha120_p025,std_mlp_attn_out_r5_alpha20_p025,DeeperForensics-1.0,3,0.003984071218163095,0.001303695052809821,2,0,1,0,0,0,0
std_attn_out_r30_alpha120_p025__minus__std_mlp_attn_out_r5_alpha20_p025,std_attn_out_r30_alpha120_p025,std_mlp_attn_out_r5_alpha20_p025,UADFV,3,0.002221296681938082,0.005306543066393424,0,0,3,0,0,0,0
std_attn_out_r30_alpha120_p025__minus__std_mlp_attn_out_r5_alpha20_p025,std_attn_out_r30_alpha120_p025,std_mlp_attn_out_r5_alpha20_p025,WildDeepfake,3,0.006349206349206327,0.01138590870807157,0,0,3,0,0,0,0
std_attn_out_r30_alpha120_p025__minus__std_mlp_r6_alpha24_p025,std_attn_out_r30_alpha120_p025,std_mlp_r6_alpha24_p025,Celeb-DF-v2,3,-0.009644194756554203,0.007410553780222791,0,1,2,0,1,0,1
std_attn_out_r30_alpha120_p025__minus__std_mlp_r6_alpha24_p025,std_attn_out_r30_alpha120_p025,std_mlp_r6_alpha24_p025,DFDC,3,-0.004229608889555925,0.0038578176195154866,0,1,2,0,0,0,0
std_attn_out_r30_alpha120_p025__minus__std_mlp_r6_alpha24_p025,std_attn_out_r30_alpha120_p025,std_mlp_r6_alpha24_p025,DFDCP,3,-0.013589532248094041,0.008016051069584081,0,2,1,0,1,0,0
std_attn_out_r30_alpha120_p025__minus__std_mlp_r6_alpha24_p025,std_attn_out_r30_alpha120_p025,std_mlp_r6_alpha24_p025,DeeperForensics-1.0,3,0.0037445449565796096,0.0012433301732803208,1,0,2,0,0,0,0
std_attn_out_r30_alpha120_p025__minus__std_mlp_r6_alpha24_p025,std_attn_out_r30_alpha120_p025,std_mlp_r6_alpha24_p025,UADFV,3,0.0013883104262112738,0.008906852662693553,0,0,3,0,0,0,0
std_attn_out_r30_alpha120_p025__minus__std_mlp_r6_alpha24_p025,std_attn_out_r30_alpha120_p025,std_mlp_r6_alpha24_p025,WildDeepfake,3,0.0132505175983438,0.010401537629052294,0,0,3,0,0,0,0
std_attn_qv_r15_alpha60_p025__minus__std_mlp_attn_out_r5_alpha20_p025,std_attn_qv_r15_alpha60_p025,std_mlp_attn_out_r5_alpha20_p025,Celeb-DF-v2,3,0.0043401630315046775,0.004275598460630833,1,0,2,0,0,0,0
std_attn_qv_r15_alpha60_p025__minus__std_mlp_attn_out_r5_alpha20_p025,std_attn_qv_r15_alpha60_p025,std_mlp_attn_out_r5_alpha20_p025,DFDC,3,0.004510413549502952,0.009480157101094015,2,1,0,2,0,2,0
std_attn_qv_r15_alpha60_p025__minus__std_mlp_attn_out_r5_alpha20_p025,std_attn_qv_r15_alpha60_p025,std_mlp_attn_out_r5_alpha20_p025,DFDCP,3,0.0020674496874784807,0.011441349021549757,1,1,1,0,0,0,0
std_attn_qv_r15_alpha60_p025__minus__std_mlp_attn_out_r5_alpha20_p025,std_attn_qv_r15_alpha60_p025,std_mlp_attn_out_r5_alpha20_p025,DeeperForensics-1.0,3,0.0024691104298844024,0.0006419196545349048,1,0,2,0,0,0,0
std_attn_qv_r15_alpha60_p025__minus__std_mlp_attn_out_r5_alpha20_p025,std_attn_qv_r15_alpha60_p025,std_mlp_attn_out_r5_alpha20_p025,UADFV,3,0.001249479383590213,0.0025334287922940384,0,0,3,0,0,0,0
std_attn_qv_r15_alpha60_p025__minus__std_mlp_attn_out_r5_alpha20_p025,std_attn_qv_r15_alpha60_p025,std_mlp_attn_out_r5_alpha20_p025,WildDeepfake,3,-0.004071773636991072,0.0037969757635553463,0,0,3,0,0,0,0
std_attn_qv_r15_alpha60_p025__minus__std_mlp_r6_alpha24_p025,std_attn_qv_r15_alpha60_p025,std_mlp_r6_alpha24_p025,Celeb-DF-v2,3,0.003673716677682274,0.0010437720632175494,0,0,3,0,0,0,0
std_attn_qv_r15_alpha60_p025__minus__std_mlp_r6_alpha24_p025,std_attn_qv_r15_alpha60_p025,std_mlp_r6_alpha24_p025,DFDC,3,0.00876654187464084,0.0033074003998605724,3,0,0,1,0,1,0
std_attn_qv_r15_alpha60_p025__minus__std_mlp_r6_alpha24_p025,std_attn_qv_r15_alpha60_p025,std_mlp_r6_alpha24_p025,DFDCP,3,0.001260388762964378,0.005572189341364514,0,0,3,0,0,0,0
std_attn_qv_r15_alpha60_p025__minus__std_mlp_r6_alpha24_p025,std_attn_qv_r15_alpha60_p025,std_mlp_r6_alpha24_p025,DeeperForensics-1.0,3,0.0022295841683009168,0.0008631352856160022,1,0,2,0,0,0,0
std_attn_qv_r15_alpha60_p025__minus__std_mlp_r6_alpha24_p025,std_attn_qv_r15_alpha60_p025,std_mlp_r6_alpha24_p025,UADFV,3,0.0004164931278634043,0.004016514269468048,0,0,3,0,0,0,0
std_attn_qv_r15_alpha60_p025__minus__std_mlp_r6_alpha24_p025,std_attn_qv_r15_alpha60_p025,std_mlp_r6_alpha24_p025,WildDeepfake,3,0.002829537612146401,0.003321244835201151,0,0,3,0,0,0,0
std_mlp_r6_alpha24_p025__minus__std_mlp_attn_out_r5_alpha20_p025,std_mlp_r6_alpha24_p025,std_mlp_attn_out_r5_alpha20_p025,Celeb-DF-v2,3,0.000666446353822403,0.005055324730752545,0,0,3,0,0,0,0
std_mlp_r6_alpha24_p025__minus__std_mlp_attn_out_r5_alpha20_p025,std_mlp_r6_alpha24_p025,std_mlp_attn_out_r5_alpha20_p025,DFDC,3,-0.004256128325137887,0.007542557712635847,0,1,2,0,1,0,1
std_mlp_r6_alpha24_p025__minus__std_mlp_attn_out_r5_alpha20_p025,std_mlp_r6_alpha24_p025,std_mlp_attn_out_r5_alpha20_p025,DFDCP,3,0.0008070609245141025,0.006074253789438074,0,0,3,0,0,0,0
std_mlp_r6_alpha24_p025__minus__std_mlp_attn_out_r5_alpha20_p025,std_mlp_r6_alpha24_p025,std_mlp_attn_out_r5_alpha20_p025,DeeperForensics-1.0,3,0.00023952626158348553,0.0002942700502056407,0,0,3,0,0,0,0
std_mlp_r6_alpha24_p025__minus__std_mlp_attn_out_r5_alpha20_p025,std_mlp_r6_alpha24_p025,std_mlp_attn_out_r5_alpha20_p025,UADFV,3,0.0008329862557268086,0.005603341960463827,0,0,3,0,0,0,0
std_mlp_r6_alpha24_p025__minus__std_mlp_attn_out_r5_alpha20_p025,std_mlp_r6_alpha24_p025,std_mlp_attn_out_r5_alpha20_p025,WildDeepfake,3,-0.006901311249137472,0.0014092876367607814,0,0,3,0,0,0,0
