record_type,candidate,seed,split,dataset,metric,value,threshold,source_constraint_value,analysis_units,raw_ece_15,brier
calibration,std_attn_out_r30_alpha120_p025,3407,source,FaceForensics++,,,,,280,0.04156618020186657,0.010197038645054123
calibration,std_attn_out_r30_alpha120_p025,3407,target,Celeb-DF-v2,,,,,518,0.06400564629186214,0.08175342137560167
calibration,std_attn_out_r30_alpha120_p025,3407,target,DFDC,,,,,4704,0.12584473399783122,0.165197877109274
calibration,std_attn_out_r30_alpha120_p025,3407,target,DFDCP,,,,,652,0.11174803580812974,0.13681852964818464
calibration,std_attn_out_r30_alpha120_p025,3407,target,UADFV,,,,,98,0.14106251546572185,0.0933038937550218
calibration,std_attn_out_r30_alpha120_p025,3407,target,DeeperForensics-1.0,,,,,40870,0.014407431054168847,0.004570764191980973
calibration,std_attn_out_r30_alpha120_p025,3407,target,WildDeepfake,,,,,157,0.07519789963184427,0.09468840550280319
calibration,std_attn_qv_r15_alpha60_p025,3407,source,FaceForensics++,,,,,280,0.04352276546409241,0.009583538936106917
calibration,std_attn_qv_r15_alpha60_p025,3407,target,Celeb-DF-v2,,,,,518,0.06978639325148885,0.06796574883601643
calibration,std_attn_qv_r15_alpha60_p025,3407,target,DFDC,,,,,4704,0.08564975939262937,0.14740226097195003
calibration,std_attn_qv_r15_alpha60_p025,3407,target,DFDCP,,,,,652,0.0646091981494897,0.11031122408640193
calibration,std_attn_qv_r15_alpha60_p025,3407,target,UADFV,,,,,98,0.1263003221857688,0.08018090285020543
calibration,std_attn_qv_r15_alpha60_p025,3407,target,DeeperForensics-1.0,,,,,40870,0.021339699668461075,0.006531665381202018
calibration,std_attn_qv_r15_alpha60_p025,3407,target,WildDeepfake,,,,,157,0.07927526479954487,0.11221989775706874
calibration,std_mlp_r6_alpha24_p025,3407,source,FaceForensics++,,,,,280,0.04730213790239397,0.009450724039774585
calibration,std_mlp_r6_alpha24_p025,3407,target,Celeb-DF-v2,,,,,518,0.07916478285317899,0.08023908663596246
calibration,std_mlp_r6_alpha24_p025,3407,target,DFDC,,,,,4704,0.0852791691486891,0.15148488367619745
calibration,std_mlp_r6_alpha24_p025,3407,target,DFDCP,,,,,652,0.062404714009544435,0.10688858502819314
calibration,std_mlp_r6_alpha24_p025,3407,target,UADFV,,,,,98,0.12485253369818045,0.07115516888251211
calibration,std_mlp_r6_alpha24_p025,3407,target,DeeperForensics-1.0,,,,,40870,0.017857869546504323,0.005733835333499475
calibration,std_mlp_r6_alpha24_p025,3407,target,WildDeepfake,,,,,157,0.11334209550819324,0.12062858179071109
calibration,std_mlp_attn_out_r5_alpha20_p025,3407,source,FaceForensics++,,,,,280,0.044229247094419194,0.00839480890971545
calibration,std_mlp_attn_out_r5_alpha20_p025,3407,target,Celeb-DF-v2,,,,,518,0.06157856223618733,0.06842561948570458
calibration,std_mlp_attn_out_r5_alpha20_p025,3407,target,DFDC,,,,,4704,0.08136691193578244,0.15045393539484553
calibration,std_mlp_attn_out_r5_alpha20_p025,3407,target,DFDCP,,,,,652,0.07899430297826494,0.10542408479429798
calibration,std_mlp_attn_out_r5_alpha20_p025,3407,target,UADFV,,,,,98,0.1433403898568757,0.08167636486807481
calibration,std_mlp_attn_out_r5_alpha20_p025,3407,target,DeeperForensics-1.0,,,,,40870,0.03872831232820665,0.012654751785017947
calibration,std_mlp_attn_out_r5_alpha20_p025,3407,target,WildDeepfake,,,,,157,0.12487888256419678,0.1262789722832198
calibration,std_attn_out_r30_alpha120_p025,7859,source,FaceForensics++,,,,,280,0.0416322355052623,0.01052520517227644
calibration,std_attn_out_r30_alpha120_p025,7859,target,Celeb-DF-v2,,,,,518,0.06069003045269592,0.07551298792974255
calibration,std_attn_out_r30_alpha120_p025,7859,target,DFDC,,,,,4704,0.1280936978284165,0.16094941101725851
calibration,std_attn_out_r30_alpha120_p025,7859,target,DFDCP,,,,,652,0.09564852771145976,0.12209257534863541
calibration,std_attn_out_r30_alpha120_p025,7859,target,UADFV,,,,,98,0.12104986858723973,0.07489548258042705
calibration,std_attn_out_r30_alpha120_p025,7859,target,DeeperForensics-1.0,,,,,40870,0.019435509887753544,0.005086757678318672
calibration,std_attn_out_r30_alpha120_p025,7859,target,WildDeepfake,,,,,157,0.09578219556654223,0.10124406368607654
calibration,std_attn_qv_r15_alpha60_p025,7859,source,FaceForensics++,,,,,280,0.0357255363018125,0.009306003702357683
calibration,std_attn_qv_r15_alpha60_p025,7859,target,Celeb-DF-v2,,,,,518,0.05888500167266634,0.06424092978363055
calibration,std_attn_qv_r15_alpha60_p025,7859,target,DFDC,,,,,4704,0.08983525164410697,0.14301885643083867
calibration,std_attn_qv_r15_alpha60_p025,7859,target,DFDCP,,,,,652,0.09289254129729195,0.11753052938415569
calibration,std_attn_qv_r15_alpha60_p025,7859,target,UADFV,,,,,98,0.12260497541993881,0.07512957178013818
calibration,std_attn_qv_r15_alpha60_p025,7859,target,DeeperForensics-1.0,,,,,40870,0.016949051756185985,0.003932741410087324
calibration,std_attn_qv_r15_alpha60_p025,7859,target,WildDeepfake,,,,,157,0.07542808371836349,0.10686744286170127
calibration,std_mlp_r6_alpha24_p025,7859,source,FaceForensics++,,,,,280,0.041601871593089416,0.009788471492046459
calibration,std_mlp_r6_alpha24_p025,7859,target,Celeb-DF-v2,,,,,518,0.08199555233748285,0.0786774440318826
calibration,std_mlp_r6_alpha24_p025,7859,target,DFDC,,,,,4704,0.10208596906286925,0.1534449317665704
calibration,std_mlp_r6_alpha24_p025,7859,target,DFDCP,,,,,652,0.08134550881412801,0.11542567256920161
calibration,std_mlp_r6_alpha24_p025,7859,target,UADFV,,,,,98,0.1558366779239027,0.10313572430020514
calibration,std_mlp_r6_alpha24_p025,7859,target,DeeperForensics-1.0,,,,,40870,0.03630064657102644,0.01032552364869935
calibration,std_mlp_r6_alpha24_p025,7859,target,WildDeepfake,,,,,157,0.12254474731791011,0.13043591256567455
calibration,std_mlp_attn_out_r5_alpha20_p025,7859,source,FaceForensics++,,,,,280,0.04613576472006237,0.009817010701955675
calibration,std_mlp_attn_out_r5_alpha20_p025,7859,target,Celeb-DF-v2,,,,,518,0.07308297431622698,0.07553547379032818
calibration,std_mlp_attn_out_r5_alpha20_p025,7859,target,DFDC,,,,,4704,0.10036755018575756,0.15410221155888806
calibration,std_mlp_attn_out_r5_alpha20_p025,7859,target,DFDCP,,,,,652,0.08466592854652763,0.11983378633595178
calibration,std_mlp_attn_out_r5_alpha20_p025,7859,target,UADFV,,,,,98,0.1618035908197671,0.10039512868810996
calibration,std_mlp_attn_out_r5_alpha20_p025,7859,target,DeeperForensics-1.0,,,,,40870,0.029244386468765485,0.007605201490142381
calibration,std_mlp_attn_out_r5_alpha20_p025,7859,target,WildDeepfake,,,,,157,0.13299898801051818,0.1262004344491148
calibration,std_attn_out_r30_alpha120_p025,12011,source,FaceForensics++,,,,,280,0.03914956953268635,0.012559626117421752
calibration,std_attn_out_r30_alpha120_p025,12011,target,Celeb-DF-v2,,,,,518,0.04403891783270129,0.07898012793723956
calibration,std_attn_out_r30_alpha120_p025,12011,target,DFDC,,,,,4704,0.13111023420515314,0.16664882083584195
calibration,std_attn_out_r30_alpha120_p025,12011,target,DFDCP,,,,,652,0.13391073204325726,0.14468764682888588
calibration,std_attn_out_r30_alpha120_p025,12011,target,UADFV,,,,,98,0.10455704361044425,0.0636821758101426
calibration,std_attn_out_r30_alpha120_p025,12011,target,DeeperForensics-1.0,,,,,40870,0.009444614821439287,0.002318305250841998
calibration,std_attn_out_r30_alpha120_p025,12011,target,WildDeepfake,,,,,157,0.09623376063180786,0.10569953696805981
calibration,std_attn_qv_r15_alpha60_p025,12011,source,FaceForensics++,,,,,280,0.04135940536134785,0.00819797217674402
calibration,std_attn_qv_r15_alpha60_p025,12011,target,Celeb-DF-v2,,,,,518,0.06808373792440606,0.06287302316005414
calibration,std_attn_qv_r15_alpha60_p025,12011,target,DFDC,,,,,4704,0.10102302750027128,0.151979507533571
calibration,std_attn_qv_r15_alpha60_p025,12011,target,DFDCP,,,,,652,0.14912725880069372,0.14136957293949087
calibration,std_attn_qv_r15_alpha60_p025,12011,target,UADFV,,,,,98,0.10832543582654106,0.053148194626089405
calibration,std_attn_qv_r15_alpha60_p025,12011,target,DeeperForensics-1.0,,,,,40870,0.007890132457529902,0.00102048580557195
calibration,std_attn_qv_r15_alpha60_p025,12011,target,WildDeepfake,,,,,157,0.17225461603733797,0.13736461117997578
calibration,std_mlp_r6_alpha24_p025,12011,source,FaceForensics++,,,,,280,0.04526726818401461,0.008848386066851165
calibration,std_mlp_r6_alpha24_p025,12011,target,Celeb-DF-v2,,,,,518,0.0680972075801218,0.06788301545736597
calibration,std_mlp_r6_alpha24_p025,12011,target,DFDC,,,,,4704,0.1407580887504632,0.17027182699787854
calibration,std_mlp_r6_alpha24_p025,12011,target,DFDCP,,,,,652,0.14873060767705973,0.14076424700872178
calibration,std_mlp_r6_alpha24_p025,12011,target,UADFV,,,,,98,0.10867763460129472,0.06288561957025361
calibration,std_mlp_r6_alpha24_p025,12011,target,DeeperForensics-1.0,,,,,40870,0.022609740898179936,0.004834842425833952
calibration,std_mlp_r6_alpha24_p025,12011,target,WildDeepfake,,,,,157,0.2046352598410513,0.148648619251503
calibration,std_mlp_attn_out_r5_alpha20_p025,12011,source,FaceForensics++,,,,,280,0.04232786453957184,0.009535348320829997
calibration,std_mlp_attn_out_r5_alpha20_p025,12011,target,Celeb-DF-v2,,,,,518,0.05353718323818541,0.07042465489877947
calibration,std_mlp_attn_out_r5_alpha20_p025,12011,target,DFDC,,,,,4704,0.1197134978547193,0.1546479606832244
calibration,std_mlp_attn_out_r5_alpha20_p025,12011,target,DFDCP,,,,,652,0.11177658351282696,0.12569230780600343
calibration,std_mlp_attn_out_r5_alpha20_p025,12011,target,UADFV,,,,,98,0.11089176150908617,0.06048423510779522
calibration,std_mlp_attn_out_r5_alpha20_p025,12011,target,DeeperForensics-1.0,,,,,40870,0.01626603071108813,0.0033181418809106306
calibration,std_mlp_attn_out_r5_alpha20_p025,12011,target,WildDeepfake,,,,,157,0.1693272638024459,0.1290868918197106
threshold,std_attn_out_r30_alpha120_p025,3407,target,Celeb-DF-v2,unit_f1_source_fixed,0.9143646408839778,0.5000315370579358,1.0,,,
threshold,std_attn_out_r30_alpha120_p025,3407,target,Celeb-DF-v2,unit_eer_descriptive,0.10056179775280898,0.7499776578260935,,,,
threshold,std_attn_out_r30_alpha120_p025,3407,target,Celeb-DF-v2,frame_tpr_source_fpr_0.01,0.669537037037037,0.9998117089271545,0.009828009828009828,,,
threshold,std_attn_out_r30_alpha120_p025,3407,target,Celeb-DF-v2,frame_tpr_source_fpr_0.001,0.30314814814814817,0.9999904632568359,0.0008934554389099843,,,
threshold,std_attn_out_r30_alpha120_p025,3407,target,DFDC,unit_f1_source_fixed,0.7632759027613877,0.5000315370579358,1.0,,,
threshold,std_attn_out_r30_alpha120_p025,3407,target,DFDC,unit_eer_descriptive,0.20514516226730323,0.26840761059429497,,,,
threshold,std_attn_out_r30_alpha120_p025,3407,target,DFDC,frame_tpr_source_fpr_0.01,0.4966521909630942,0.9998117089271545,0.009828009828009828,,,
threshold,std_attn_out_r30_alpha120_p025,3407,target,DFDC,frame_tpr_source_fpr_0.001,0.2845419819610463,0.9999904632568359,0.0008934554389099843,,,
threshold,std_attn_out_r30_alpha120_p025,3407,target,DFDCP,unit_f1_source_fixed,0.8404669260700389,0.5000315370579358,1.0,,,
threshold,std_attn_out_r30_alpha120_p025,3407,target,DFDCP,unit_eer_descriptive,0.17344941273439107,0.35835360661258164,,,,
threshold,std_attn_out_r30_alpha120_p025,3407,target,DFDCP,frame_tpr_source_fpr_0.01,0.5809557459588376,0.9998117089271545,0.009828009828009828,,,
threshold,std_attn_out_r30_alpha120_p025,3407,target,DFDCP,frame_tpr_source_fpr_0.001,0.33989930218178604,0.9999904632568359,0.0008934554389099843,,,
threshold,std_attn_out_r30_alpha120_p025,3407,target,UADFV,unit_f1_source_fixed,0.8648648648648648,0.5000315370579358,1.0,,,
threshold,std_attn_out_r30_alpha120_p025,3407,target,UADFV,unit_eer_descriptive,0.04081632653061226,0.7693360895534099,,,,
threshold,std_attn_out_r30_alpha120_p025,3407,target,UADFV,frame_tpr_source_fpr_0.01,0.935525467440361,0.9998117089271545,0.009828009828009828,,,
threshold,std_attn_out_r30_alpha120_p025,3407,target,UADFV,frame_tpr_source_fpr_0.001,0.6499032882011605,0.9999904632568359,0.0008934554389099843,,,
threshold,std_attn_out_r30_alpha120_p025,3407,target,DeeperForensics-1.0,unit_f1_source_fixed,0.6445182724252492,0.5000315370579358,1.0,,,
threshold,std_attn_out_r30_alpha120_p025,3407,target,DeeperForensics-1.0,unit_eer_descriptive,0.02487972001606465,0.13958386341497922,,,,
threshold,std_attn_out_r30_alpha120_p025,3407,target,DeeperForensics-1.0,frame_tpr_source_fpr_0.01,0.824307500778089,0.9998117089271545,0.009828009828009828,,,
threshold,std_attn_out_r30_alpha120_p025,3407,target,DeeperForensics-1.0,frame_tpr_source_fpr_0.001,0.5521319638966697,0.9999904632568359,0.0008934554389099843,,,
threshold,std_attn_out_r30_alpha120_p025,3407,target,WildDeepfake,unit_f1_source_fixed,0.9074889867841409,0.5000315370579358,1.0,,,
threshold,std_attn_out_r30_alpha120_p025,3407,target,WildDeepfake,unit_eer_descriptive,0.12474120082815736,0.5603054378007073,,,,
threshold,std_attn_out_r30_alpha120_p025,3407,target,WildDeepfake,frame_tpr_source_fpr_0.01,0.5421195652173914,0.9998117089271545,0.009828009828009828,,,
threshold,std_attn_out_r30_alpha120_p025,3407,target,WildDeepfake,frame_tpr_source_fpr_0.001,0.23125,0.9999904632568359,0.0008934554389099843,,,
threshold,std_attn_qv_r15_alpha60_p025,3407,target,Celeb-DF-v2,unit_f1_source_fixed,0.9353932584269663,0.5001048791465905,0.9964412811387899,,,
threshold,std_attn_qv_r15_alpha60_p025,3407,target,Celeb-DF-v2,unit_eer_descriptive,0.08478189028420358,0.6964024177541432,,,,
threshold,std_attn_qv_r15_alpha60_p025,3407,target,Celeb-DF-v2,frame_tpr_source_fpr_0.01,0.6449074074074074,0.9997647404670715,0.009828009828009828,,,
threshold,std_attn_qv_r15_alpha60_p025,3407,target,Celeb-DF-v2,frame_tpr_source_fpr_0.001,0.3459259259259259,0.999980092048645,0.0008934554389099843,,,
threshold,std_attn_qv_r15_alpha60_p025,3407,target,DFDC,unit_f1_source_fixed,0.7977578475336323,0.5001048791465905,0.9964412811387899,,,
threshold,std_attn_qv_r15_alpha60_p025,3407,target,DFDC,unit_eer_descriptive,0.19557981280292053,0.3545387031408609,,,,
threshold,std_attn_qv_r15_alpha60_p025,3407,target,DFDC,frame_tpr_source_fpr_0.01,0.558902557697056,0.9997647404670715,0.009828009828009828,,,
threshold,std_attn_qv_r15_alpha60_p025,3407,target,DFDC,frame_tpr_source_fpr_0.001,0.38330597957909107,0.999980092048645,0.0008934554389099843,,,
threshold,std_attn_qv_r15_alpha60_p025,3407,target,DFDCP,unit_f1_source_fixed,0.8831488314883149,0.5001048791465905,0.9964412811387899,,,
threshold,std_attn_qv_r15_alpha60_p025,3407,target,DFDCP,unit_eer_descriptive,0.14855759324129408,0.4892338921963528,,,,
threshold,std_attn_qv_r15_alpha60_p025,3407,target,DFDCP,frame_tpr_source_fpr_0.01,0.666990548538115,0.9997647404670715,0.009828009828009828,,,
threshold,std_attn_qv_r15_alpha60_p025,3407,target,DFDCP,frame_tpr_source_fpr_0.001,0.5087006448193623,0.999980092048645,0.0008934554389099843,,,
threshold,std_attn_qv_r15_alpha60_p025,3407,target,UADFV,unit_f1_source_fixed,0.888888888888889,0.5001048791465905,0.9964412811387899,,,
threshold,std_attn_qv_r15_alpha60_p025,3407,target,UADFV,unit_eer_descriptive,0.04081632653061226,0.7697035216932329,,,,
threshold,std_attn_qv_r15_alpha60_p025,3407,target,UADFV,frame_tpr_source_fpr_0.01,0.9490651192778853,0.9997647404670715,0.009828009828009828,,,
threshold,std_attn_qv_r15_alpha60_p025,3407,target,UADFV,frame_tpr_source_fpr_0.001,0.845905867182463,0.999980092048645,0.0008934554389099843,,,
threshold,std_attn_qv_r15_alpha60_p025,3407,target,DeeperForensics-1.0,unit_f1_source_fixed,0.5647058823529412,0.5001048791465905,0.9964412811387899,,,
threshold,std_attn_qv_r15_alpha60_p025,3407,target,DeeperForensics-1.0,unit_eer_descriptive,0.019896399386920435,0.21318845795054409,,,,
threshold,std_attn_qv_r15_alpha60_p025,3407,target,DeeperForensics-1.0,frame_tpr_source_fpr_0.01,0.8014316837846249,0.9997647404670715,0.009828009828009828,,,
threshold,std_attn_qv_r15_alpha60_p025,3407,target,DeeperForensics-1.0,frame_tpr_source_fpr_0.001,0.5804544039838158,0.999980092048645,0.0008934554389099843,,,
threshold,std_attn_qv_r15_alpha60_p025,3407,target,WildDeepfake,unit_f1_source_fixed,0.8828828828828829,0.5001048791465905,0.9964412811387899,,,
threshold,std_attn_qv_r15_alpha60_p025,3407,target,WildDeepfake,unit_eer_descriptive,0.16594202898550725,0.5438328783784527,,,,
threshold,std_attn_qv_r15_alpha60_p025,3407,target,WildDeepfake,frame_tpr_source_fpr_0.01,0.47092391304347825,0.9997647404670715,0.009828009828009828,,,
threshold,std_attn_qv_r15_alpha60_p025,3407,target,WildDeepfake,frame_tpr_source_fpr_0.001,0.2516304347826087,0.999980092048645,0.0008934554389099843,,,
threshold,std_mlp_r6_alpha24_p025,3407,target,Celeb-DF-v2,unit_f1_source_fixed,0.9243466299862448,0.5000296413269325,1.0,,,
threshold,std_mlp_r6_alpha24_p025,3407,target,Celeb-DF-v2,unit_eer_descriptive,0.09053205551883675,0.7732776830234798,,,,
threshold,std_mlp_r6_alpha24_p025,3407,target,Celeb-DF-v2,frame_tpr_source_fpr_0.01,0.7571296296296296,0.9997163414955139,0.009828009828009828,,,
threshold,std_mlp_r6_alpha24_p025,3407,target,Celeb-DF-v2,frame_tpr_source_fpr_0.001,0.4062962962962963,0.9999792575836182,0.0008934554389099843,,,
threshold,std_mlp_r6_alpha24_p025,3407,target,DFDC,unit_f1_source_fixed,0.7926308694675354,0.5000296413269325,1.0,,,
threshold,std_mlp_r6_alpha24_p025,3407,target,DFDC,unit_eer_descriptive,0.20046713383063305,0.3737397999984437,,,,
threshold,std_mlp_r6_alpha24_p025,3407,target,DFDC,frame_tpr_source_fpr_0.01,0.5623738217309843,0.9997163414955139,0.009828009828009828,,,
threshold,std_mlp_r6_alpha24_p025,3407,target,DFDC,frame_tpr_source_fpr_0.001,0.38727106360110963,0.9999792575836182,0.0008934554389099843,,,
threshold,std_mlp_r6_alpha24_p025,3407,target,DFDCP,unit_f1_source_fixed,0.8842364532019703,0.5000296413269325,1.0,,,
threshold,std_mlp_r6_alpha24_p025,3407,target,DFDCP,unit_eer_descriptive,0.13828559653822375,0.4845029075631828,,,,
threshold,std_mlp_r6_alpha24_p025,3407,target,DFDCP,frame_tpr_source_fpr_0.01,0.6713187880929247,0.9997163414955139,0.009828009828009828,,,
threshold,std_mlp_r6_alpha24_p025,3407,target,DFDCP,frame_tpr_source_fpr_0.001,0.45464181609398463,0.9999792575836182,0.0008934554389099843,,,
threshold,std_mlp_r6_alpha24_p025,3407,target,UADFV,unit_f1_source_fixed,0.8867924528301887,0.5000296413269325,1.0,,,
threshold,std_mlp_r6_alpha24_p025,3407,target,UADFV,unit_eer_descriptive,0.04081632653061226,0.769245415833351,,,,
threshold,std_mlp_r6_alpha24_p025,3407,target,UADFV,frame_tpr_source_fpr_0.01,0.9509993552546744,0.9997163414955139,0.009828009828009828,,,
threshold,std_mlp_r6_alpha24_p025,3407,target,UADFV,frame_tpr_source_fpr_0.001,0.574468085106383,0.9999792575836182,0.0008934554389099843,,,
threshold,std_mlp_r6_alpha24_p025,3407,target,DeeperForensics-1.0,unit_f1_source_fixed,0.6034214618973561,0.5000296413269325,1.0,,,
threshold,std_mlp_r6_alpha24_p025,3407,target,DeeperForensics-1.0,unit_eer_descriptive,0.019896399386920435,0.2054291416425258,,,,
threshold,std_mlp_r6_alpha24_p025,3407,target,DeeperForensics-1.0,frame_tpr_source_fpr_0.01,0.8657018362900716,0.9997163414955139,0.009828009828009828,,,
threshold,std_mlp_r6_alpha24_p025,3407,target,DeeperForensics-1.0,frame_tpr_source_fpr_0.001,0.7019919078742608,0.9999792575836182,0.0008934554389099843,,,
threshold,std_mlp_r6_alpha24_p025,3407,target,WildDeepfake,unit_f1_source_fixed,0.8999999999999999,0.5000296413269325,1.0,,,
threshold,std_mlp_r6_alpha24_p025,3407,target,WildDeepfake,unit_eer_descriptive,0.14099378881987576,0.5012013094274153,,,,
threshold,std_mlp_r6_alpha24_p025,3407,target,WildDeepfake,frame_tpr_source_fpr_0.01,0.5081521739130435,0.9997163414955139,0.009828009828009828,,,
threshold,std_mlp_r6_alpha24_p025,3407,target,WildDeepfake,frame_tpr_source_fpr_0.001,0.26168478260869565,0.9999792575836182,0.0008934554389099843,,,
threshold,std_mlp_attn_out_r5_alpha20_p025,3407,target,Celeb-DF-v2,unit_f1_source_fixed,0.935933147632312,0.4999463762280243,1.0,,,
threshold,std_mlp_attn_out_r5_alpha20_p025,3407,target,Celeb-DF-v2,unit_eer_descriptive,0.09053205551883675,0.7273124448334177,,,,
threshold,std_mlp_attn_out_r5_alpha20_p025,3407,target,Celeb-DF-v2,frame_tpr_source_fpr_0.01,0.7606481481481482,0.9998481273651123,0.009828009828009828,,,
threshold,std_mlp_attn_out_r5_alpha20_p025,3407,target,Celeb-DF-v2,frame_tpr_source_fpr_0.001,0.42203703703703704,0.9999877214431763,0.0008934554389099843,,,
threshold,std_mlp_attn_out_r5_alpha20_p025,3407,target,DFDC,unit_f1_source_fixed,0.7897343538946421,0.4999463762280243,1.0,,,
threshold,std_mlp_attn_out_r5_alpha20_p025,3407,target,DFDC,unit_eer_descriptive,0.19430398686564682,0.3577788029324438,,,,
threshold,std_mlp_attn_out_r5_alpha20_p025,3407,target,DFDC,frame_tpr_source_fpr_0.01,0.5443058198138008,0.9998481273651123,0.009828009828009828,,,
threshold,std_mlp_attn_out_r5_alpha20_p025,3407,target,DFDC,frame_tpr_source_fpr_0.001,0.34356799465512483,0.9999877214431763,0.0008934554389099843,,,
threshold,std_mlp_attn_out_r5_alpha20_p025,3407,target,DFDCP,unit_f1_source_fixed,0.8838951310861424,0.4999463762280243,1.0,,,
threshold,std_mlp_attn_out_r5_alpha20_p025,3407,target,DFDCP,unit_eer_descriptive,0.130383268081599,0.4267537343686471,,,,
threshold,std_mlp_attn_out_r5_alpha20_p025,3407,target,DFDCP,frame_tpr_source_fpr_0.01,0.6654889144068545,0.9998481273651123,0.009828009828009828,,,
threshold,std_mlp_attn_out_r5_alpha20_p025,3407,target,DFDCP,frame_tpr_source_fpr_0.001,0.419485911138592,0.9999877214431763,0.0008934554389099843,,,
threshold,std_mlp_attn_out_r5_alpha20_p025,3407,target,UADFV,unit_f1_source_fixed,0.8623853211009175,0.4999463762280243,1.0,,,
threshold,std_mlp_attn_out_r5_alpha20_p025,3407,target,UADFV,unit_eer_descriptive,0.04081632653061226,0.7468584301914234,,,,
threshold,std_mlp_attn_out_r5_alpha20_p025,3407,target,UADFV,frame_tpr_source_fpr_0.01,0.9335912314635719,0.9998481273651123,0.009828009828009828,,,
threshold,std_mlp_attn_out_r5_alpha20_p025,3407,target,UADFV,frame_tpr_source_fpr_0.001,0.32817537072856223,0.9999877214431763,0.0008934554389099843,,,
threshold,std_mlp_attn_out_r5_alpha20_p025,3407,target,DeeperForensics-1.0,unit_f1_source_fixed,0.409282700421941,0.4999463762280243,1.0,,,
threshold,std_mlp_attn_out_r5_alpha20_p025,3407,target,DeeperForensics-1.0,unit_eer_descriptive,0.029850746268656705,0.3108736766935808,,,,
threshold,std_mlp_attn_out_r5_alpha20_p025,3407,target,DeeperForensics-1.0,frame_tpr_source_fpr_0.01,0.8442265795206971,0.9998481273651123,0.009828009828009828,,,
threshold,std_mlp_attn_out_r5_alpha20_p025,3407,target,DeeperForensics-1.0,frame_tpr_source_fpr_0.001,0.6395891690009337,0.9999877214431763,0.0008934554389099843,,,
threshold,std_mlp_attn_out_r5_alpha20_p025,3407,target,WildDeepfake,unit_f1_source_fixed,0.8878504672897197,0.4999463762280243,1.0,,,
threshold,std_mlp_attn_out_r5_alpha20_p025,3407,target,WildDeepfake,unit_eer_descriptive,0.1453416149068323,0.4665979236324347,,,,
threshold,std_mlp_attn_out_r5_alpha20_p025,3407,target,WildDeepfake,frame_tpr_source_fpr_0.01,0.4673913043478261,0.9998481273651123,0.009828009828009828,,,
threshold,std_mlp_attn_out_r5_alpha20_p025,3407,target,WildDeepfake,frame_tpr_source_fpr_0.001,0.22581521739130433,0.9999877214431763,0.0008934554389099843,,,
threshold,std_attn_out_r30_alpha120_p025,7859,target,Celeb-DF-v2,unit_f1_source_fixed,0.9269662921348314,0.500153300372375,0.9929078014184397,,,
threshold,std_attn_out_r30_alpha120_p025,7859,target,Celeb-DF-v2,unit_eer_descriptive,0.09481163251817581,0.7232385595125379,,,,
threshold,std_attn_out_r30_alpha120_p025,7859,target,Celeb-DF-v2,frame_tpr_source_fpr_0.01,0.7083333333333334,0.999839186668396,0.009828009828009828,,,
threshold,std_attn_out_r30_alpha120_p025,7859,target,Celeb-DF-v2,frame_tpr_source_fpr_0.001,0.4088888888888889,0.9999905824661255,0.0008934554389099843,,,
threshold,std_attn_out_r30_alpha120_p025,7859,target,DFDC,unit_f1_source_fixed,0.765947355940242,0.500153300372375,0.9929078014184397,,,
threshold,std_attn_out_r30_alpha120_p025,7859,target,DFDC,unit_eer_descriptive,0.19621438070638733,0.255154037671673,,,,
threshold,std_attn_out_r30_alpha120_p025,7859,target,DFDC,frame_tpr_source_fpr_0.01,0.47509840089468564,0.999839186668396,0.009828009828009828,,,
threshold,std_attn_out_r30_alpha120_p025,7859,target,DFDC,frame_tpr_source_fpr_0.001,0.29799131457785655,0.9999905824661255,0.0008934554389099843,,,
threshold,std_attn_out_r30_alpha120_p025,7859,target,DFDCP,unit_f1_source_fixed,0.8701134930643127,0.500153300372375,0.9929078014184397,,,
threshold,std_attn_out_r30_alpha120_p025,7859,target,DFDCP,unit_eer_descriptive,0.15645992169791878,0.4459909792349208,,,,
threshold,std_attn_out_r30_alpha120_p025,7859,target,DFDCP,frame_tpr_source_fpr_0.01,0.593498807525837,0.999839186668396,0.009828009828009828,,,
threshold,std_attn_out_r30_alpha120_p025,7859,target,DFDCP,frame_tpr_source_fpr_0.001,0.3830050348909107,0.9999905824661255,0.0008934554389099843,,,
threshold,std_attn_out_r30_alpha120_p025,7859,target,UADFV,unit_f1_source_fixed,0.8867924528301887,0.500153300372375,0.9929078014184397,,,
threshold,std_attn_out_r30_alpha120_p025,7859,target,UADFV,unit_eer_descriptive,0.04081632653061226,0.7656417658616756,,,,
threshold,std_attn_out_r30_alpha120_p025,7859,target,UADFV,frame_tpr_source_fpr_0.01,0.9232753062540296,0.999839186668396,0.009828009828009828,,,
threshold,std_attn_out_r30_alpha120_p025,7859,target,UADFV,frame_tpr_source_fpr_0.001,0.7253384912959381,0.9999905824661255,0.0008934554389099843,,,
threshold,std_attn_out_r30_alpha120_p025,7859,target,DeeperForensics-1.0,unit_f1_source_fixed,0.6421404682274248,0.500153300372375,0.9929078014184397,,,
threshold,std_attn_out_r30_alpha120_p025,7859,target,DeeperForensics-1.0,unit_eer_descriptive,0.019896399386920435,0.20484562182294516,,,,
threshold,std_attn_out_r30_alpha120_p025,7859,target,DeeperForensics-1.0,frame_tpr_source_fpr_0.01,0.7679738562091504,0.999839186668396,0.009828009828009828,,,
threshold,std_attn_out_r30_alpha120_p025,7859,target,DeeperForensics-1.0,frame_tpr_source_fpr_0.001,0.5079365079365079,0.9999905824661255,0.0008934554389099843,,,
threshold,std_attn_out_r30_alpha120_p025,7859,target,WildDeepfake,unit_f1_source_fixed,0.9107142857142857,0.500153300372375,0.9929078014184397,,,
threshold,std_attn_out_r30_alpha120_p025,7859,target,WildDeepfake,unit_eer_descriptive,0.14099378881987576,0.5231757788933464,,,,
threshold,std_attn_out_r30_alpha120_p025,7859,target,WildDeepfake,frame_tpr_source_fpr_0.01,0.48179347826086955,0.999839186668396,0.009828009828009828,,,
threshold,std_attn_out_r30_alpha120_p025,7859,target,WildDeepfake,frame_tpr_source_fpr_0.001,0.2171195652173913,0.9999905824661255,0.0008934554389099843,,,
threshold,std_attn_qv_r15_alpha60_p025,7859,target,Celeb-DF-v2,unit_f1_source_fixed,0.9298998569384836,0.5002918587816794,0.9929078014184397,,,
threshold,std_attn_qv_r15_alpha60_p025,7859,target,Celeb-DF-v2,unit_eer_descriptive,0.08478189028420358,0.6494262167907436,,,,
threshold,std_attn_qv_r15_alpha60_p025,7859,target,Celeb-DF-v2,frame_tpr_source_fpr_0.01,0.7451851851851852,0.999596893787384,0.009828009828009828,,,
threshold,std_attn_qv_r15_alpha60_p025,7859,target,Celeb-DF-v2,frame_tpr_source_fpr_0.001,0.3861111111111111,0.9999898672103882,0.0008934554389099843,,,
threshold,std_attn_qv_r15_alpha60_p025,7859,target,DFDC,unit_f1_source_fixed,0.7989130434782609,0.5002918587816794,0.9929078014184397,,,
threshold,std_attn_qv_r15_alpha60_p025,7859,target,DFDC,unit_eer_descriptive,0.18920068311655203,0.3458297617423038,,,,
threshold,std_attn_qv_r15_alpha60_p025,7859,target,DFDC,frame_tpr_source_fpr_0.01,0.5620542911504554,0.999596893787384,0.009828009828009828,,,
threshold,std_attn_qv_r15_alpha60_p025,7859,target,DFDC,frame_tpr_source_fpr_0.001,0.3194724840597813,0.9999898672103882,0.0008934554389099843,,,
threshold,std_attn_qv_r15_alpha60_p025,7859,target,DFDCP,unit_f1_source_fixed,0.8659003831417624,0.5002918587816794,0.9929078014184397,,,
threshold,std_attn_qv_r15_alpha60_p025,7859,target,DFDCP,unit_eer_descriptive,0.1473727591180713,0.3948267020664557,,,,
threshold,std_attn_qv_r15_alpha60_p025,7859,target,DFDCP,frame_tpr_source_fpr_0.01,0.6437593852133203,0.999596893787384,0.009828009828009828,,,
threshold,std_attn_qv_r15_alpha60_p025,7859,target,DFDCP,frame_tpr_source_fpr_0.001,0.40367458705061393,0.9999898672103882,0.0008934554389099843,,,
threshold,std_attn_qv_r15_alpha60_p025,7859,target,UADFV,unit_f1_source_fixed,0.8867924528301887,0.5002918587816794,0.9929078014184397,,,
threshold,std_attn_qv_r15_alpha60_p025,7859,target,UADFV,unit_eer_descriptive,0.04081632653061226,0.7693966764278369,,,,
threshold,std_attn_qv_r15_alpha60_p025,7859,target,UADFV,frame_tpr_source_fpr_0.01,0.9529335912314636,0.999596893787384,0.009828009828009828,,,
threshold,std_attn_qv_r15_alpha60_p025,7859,target,UADFV,frame_tpr_source_fpr_0.001,0.7414571244358479,0.9999898672103882,0.0008934554389099843,,,
threshold,std_attn_qv_r15_alpha60_p025,7859,target,DeeperForensics-1.0,unit_f1_source_fixed,0.6713780918727915,0.5002918587816794,0.9929078014184397,,,
threshold,std_attn_qv_r15_alpha60_p025,7859,target,DeeperForensics-1.0,unit_eer_descriptive,0.023859286762234953,0.11509192952265342,,,,
threshold,std_attn_qv_r15_alpha60_p025,7859,target,DeeperForensics-1.0,frame_tpr_source_fpr_0.01,0.8032990974167444,0.999596893787384,0.009828009828009828,,,
threshold,std_attn_qv_r15_alpha60_p025,7859,target,DeeperForensics-1.0,frame_tpr_source_fpr_0.001,0.5326797385620915,0.9999898672103882,0.0008934554389099843,,,
threshold,std_attn_qv_r15_alpha60_p025,7859,target,WildDeepfake,unit_f1_source_fixed,0.9049773755656109,0.5002918587816794,0.9929078014184397,,,
threshold,std_attn_qv_r15_alpha60_p025,7859,target,WildDeepfake,unit_eer_descriptive,0.14099378881987576,0.5049273920594715,,,,
threshold,std_attn_qv_r15_alpha60_p025,7859,target,WildDeepfake,frame_tpr_source_fpr_0.01,0.5404891304347826,0.999596893787384,0.009828009828009828,,,
threshold,std_attn_qv_r15_alpha60_p025,7859,target,WildDeepfake,frame_tpr_source_fpr_0.001,0.21440217391304348,0.9999898672103882,0.0008934554389099843,,,
threshold,std_mlp_r6_alpha24_p025,7859,target,Celeb-DF-v2,unit_f1_source_fixed,0.9256198347107437,0.5001790919245082,0.9964412811387899,,,
threshold,std_mlp_r6_alpha24_p025,7859,target,Celeb-DF-v2,unit_eer_descriptive,0.09628222075346993,0.7967879997559066,,,,
threshold,std_mlp_r6_alpha24_p025,7859,target,Celeb-DF-v2,frame_tpr_source_fpr_0.01,0.7965740740740741,0.9999171495437622,0.009828009828009828,,,
threshold,std_mlp_r6_alpha24_p025,7859,target,Celeb-DF-v2,frame_tpr_source_fpr_0.001,0.5274074074074074,0.9999915361404419,0.0008934554389099843,,,
threshold,std_mlp_r6_alpha24_p025,7859,target,DFDC,unit_f1_source_fixed,0.7741040462427745,0.5001790919245082,0.9964412811387899,,,
threshold,std_mlp_r6_alpha24_p025,7859,target,DFDC,unit_eer_descriptive,0.19515453749049594,0.3073255407439319,,,,
threshold,std_mlp_r6_alpha24_p025,7859,target,DFDC,frame_tpr_source_fpr_0.01,0.535344439441693,0.9999171495437622,0.009828009828009828,,,
threshold,std_mlp_r6_alpha24_p025,7859,target,DFDC,frame_tpr_source_fpr_0.001,0.3900887423566833,0.9999915361404419,0.0008934554389099843,,,
threshold,std_mlp_r6_alpha24_p025,7859,target,DFDCP,unit_f1_source_fixed,0.8771929824561403,0.5001790919245082,0.9964412811387899,,,
threshold,std_mlp_r6_alpha24_p025,7859,target,DFDCP,unit_eer_descriptive,0.14401401195137029,0.4440208707160309,,,,
threshold,std_mlp_r6_alpha24_p025,7859,target,DFDCP,frame_tpr_source_fpr_0.01,0.6390778199805671,0.9999171495437622,0.009828009828009828,,,
threshold,std_mlp_r6_alpha24_p025,7859,target,DFDCP,frame_tpr_source_fpr_0.001,0.43353060683685185,0.9999915361404419,0.0008934554389099843,,,
threshold,std_mlp_r6_alpha24_p025,7859,target,UADFV,unit_f1_source_fixed,0.8545454545454545,0.5001790919245082,0.9964412811387899,,,
threshold,std_mlp_r6_alpha24_p025,7859,target,UADFV,unit_eer_descriptive,0.061224489795918345,0.8138268517213874,,,,
threshold,std_mlp_r6_alpha24_p025,7859,target,UADFV,frame_tpr_source_fpr_0.01,0.9580915538362347,0.9999171495437622,0.009828009828009828,,,
threshold,std_mlp_r6_alpha24_p025,7859,target,UADFV,frame_tpr_source_fpr_0.001,0.8407479045776918,0.9999915361404419,0.0008934554389099843,,,
threshold,std_mlp_r6_alpha24_p025,7859,target,DeeperForensics-1.0,unit_f1_source_fixed,0.46956521739130436,0.5001790919245082,0.9964412811387899,,,
threshold,std_mlp_r6_alpha24_p025,7859,target,DeeperForensics-1.0,unit_eer_descriptive,0.03450211873089247,0.24598282387159998,,,,
threshold,std_mlp_r6_alpha24_p025,7859,target,DeeperForensics-1.0,frame_tpr_source_fpr_0.01,0.76937441643324,0.9999171495437622,0.009828009828009828,,,
threshold,std_mlp_r6_alpha24_p025,7859,target,DeeperForensics-1.0,frame_tpr_source_fpr_0.001,0.5107376283846872,0.9999915361404419,0.0008934554389099843,,,
threshold,std_mlp_r6_alpha24_p025,7859,target,WildDeepfake,unit_f1_source_fixed,0.861244019138756,0.5001790919245082,0.9964412811387899,,,
threshold,std_mlp_r6_alpha24_p025,7859,target,WildDeepfake,unit_eer_descriptive,0.18654244306418216,0.4349299919704208,,,,
threshold,std_mlp_r6_alpha24_p025,7859,target,WildDeepfake,frame_tpr_source_fpr_0.01,0.46358695652173915,0.9999171495437622,0.009828009828009828,,,
threshold,std_mlp_r6_alpha24_p025,7859,target,WildDeepfake,frame_tpr_source_fpr_0.001,0.2589673913043478,0.9999915361404419,0.0008934554389099843,,,
threshold,std_mlp_attn_out_r5_alpha20_p025,7859,target,Celeb-DF-v2,unit_f1_source_fixed,0.9249999999999999,0.5001172371020459,0.9964412811387899,,,
threshold,std_mlp_attn_out_r5_alpha20_p025,7859,target,Celeb-DF-v2,unit_eer_descriptive,0.10056179775280898,0.7581395603465353,,,,
threshold,std_mlp_attn_out_r5_alpha20_p025,7859,target,Celeb-DF-v2,frame_tpr_source_fpr_0.01,0.762962962962963,0.9998780488967896,0.009828009828009828,,,
threshold,std_mlp_attn_out_r5_alpha20_p025,7859,target,Celeb-DF-v2,frame_tpr_source_fpr_0.001,0.48305555555555557,0.999988317489624,0.0008934554389099843,,,
threshold,std_mlp_attn_out_r5_alpha20_p025,7859,target,DFDC,unit_f1_source_fixed,0.7774699907663898,0.5001172371020459,0.9964412811387899,,,
threshold,std_mlp_attn_out_r5_alpha20_p025,7859,target,DFDC,unit_eer_descriptive,0.20004185851820847,0.3155116696531574,,,,
threshold,std_mlp_attn_out_r5_alpha20_p025,7859,target,DFDC,frame_tpr_source_fpr_0.01,0.5166228522461548,0.9998780488967896,0.009828009828009828,,,
threshold,std_mlp_attn_out_r5_alpha20_p025,7859,target,DFDC,frame_tpr_source_fpr_0.001,0.35388011793583246,0.999988317489624,0.0008934554389099843,,,
threshold,std_mlp_attn_out_r5_alpha20_p025,7859,target,DFDCP,unit_f1_source_fixed,0.8675,0.5001172371020459,0.9964412811387899,,,
threshold,std_mlp_attn_out_r5_alpha20_p025,7859,target,DFDCP,unit_eer_descriptive,0.1531011745312178,0.46118397219106555,,,,
threshold,std_mlp_attn_out_r5_alpha20_p025,7859,target,DFDCP,frame_tpr_source_fpr_0.01,0.6300680151930041,0.9998780488967896,0.009828009828009828,,,
threshold,std_mlp_attn_out_r5_alpha20_p025,7859,target,DFDCP,frame_tpr_source_fpr_0.001,0.4066778553131349,0.999988317489624,0.0008934554389099843,,,
threshold,std_mlp_attn_out_r5_alpha20_p025,7859,target,UADFV,unit_f1_source_fixed,0.8623853211009175,0.5001172371020459,0.9964412811387899,,,
threshold,std_mlp_attn_out_r5_alpha20_p025,7859,target,UADFV,unit_eer_descriptive,0.061224489795918345,0.8018893687112723,,,,
threshold,std_mlp_attn_out_r5_alpha20_p025,7859,target,UADFV,frame_tpr_source_fpr_0.01,0.9542230818826564,0.9998780488967896,0.009828009828009828,,,
threshold,std_mlp_attn_out_r5_alpha20_p025,7859,target,UADFV,frame_tpr_source_fpr_0.001,0.8620245003223727,0.999988317489624,0.0008934554389099843,,,
threshold,std_mlp_attn_out_r5_alpha20_p025,7859,target,DeeperForensics-1.0,unit_f1_source_fixed,0.5338983050847458,0.5001172371020459,0.9964412811387899,,,
threshold,std_mlp_attn_out_r5_alpha20_p025,7859,target,DeeperForensics-1.0,unit_eer_descriptive,0.025334611948494755,0.23363052397689898,,,,
threshold,std_mlp_attn_out_r5_alpha20_p025,7859,target,DeeperForensics-1.0,frame_tpr_source_fpr_0.01,0.7570806100217865,0.9998780488967896,0.009828009828009828,,,
threshold,std_mlp_attn_out_r5_alpha20_p025,7859,target,DeeperForensics-1.0,frame_tpr_source_fpr_0.001,0.4923747276688453,0.999988317489624,0.0008934554389099843,,,
threshold,std_mlp_attn_out_r5_alpha20_p025,7859,target,WildDeepfake,unit_f1_source_fixed,0.8930232558139534,0.5001172371020459,0.9964412811387899,,,
threshold,std_mlp_attn_out_r5_alpha20_p025,7859,target,WildDeepfake,unit_eer_descriptive,0.12474120082815736,0.39259450933604967,,,,
threshold,std_mlp_attn_out_r5_alpha20_p025,7859,target,WildDeepfake,frame_tpr_source_fpr_0.01,0.46902173913043477,0.9998780488967896,0.009828009828009828,,,
threshold,std_mlp_attn_out_r5_alpha20_p025,7859,target,WildDeepfake,frame_tpr_source_fpr_0.001,0.25081521739130436,0.999988317489624,0.0008934554389099843,,,
threshold,std_attn_out_r30_alpha120_p025,12011,target,Celeb-DF-v2,unit_f1_source_fixed,0.9141193595342066,0.5040047231311746,0.9929078014184397,,,
threshold,std_attn_out_r30_alpha120_p025,12011,target,Celeb-DF-v2,unit_eer_descriptive,0.12931262392597487,0.6179676998435752,,,,
threshold,std_attn_out_r30_alpha120_p025,12011,target,Celeb-DF-v2,frame_tpr_source_fpr_0.01,0.6658333333333334,0.999903678894043,0.009828009828009828,,,
threshold,std_attn_out_r30_alpha120_p025,12011,target,Celeb-DF-v2,frame_tpr_source_fpr_0.001,0.36462962962962964,0.9999916553497314,0.0006700915791824883,,,
threshold,std_attn_out_r30_alpha120_p025,12011,target,DFDC,unit_f1_source_fixed,0.7516908212560387,0.5040047231311746,0.9929078014184397,,,
threshold,std_attn_out_r30_alpha120_p025,12011,target,DFDC,unit_eer_descriptive,0.20684626351700153,0.2292439243885585,,,,
threshold,std_attn_out_r30_alpha120_p025,12011,target,DFDC,frame_tpr_source_fpr_0.01,0.47488053913523404,0.999903678894043,0.009828009828009828,,,
threshold,std_attn_out_r30_alpha120_p025,12011,target,DFDC,frame_tpr_source_fpr_0.001,0.2929369217585801,0.9999916553497314,0.0006700915791824883,,,
threshold,std_attn_out_r30_alpha120_p025,12011,target,DFDCP,unit_f1_source_fixed,0.8317880794701986,0.5040047231311746,0.9929078014184397,,,
threshold,std_attn_out_r30_alpha120_p025,12011,target,DFDCP,unit_eer_descriptive,0.16100350298784255,0.293489343105648,,,,
threshold,std_attn_out_r30_alpha120_p025,12011,target,DFDCP,frame_tpr_source_fpr_0.01,0.5649677590318877,0.999903678894043,0.009828009828009828,,,
threshold,std_attn_out_r30_alpha120_p025,12011,target,DFDCP,frame_tpr_source_fpr_0.001,0.33283278862291316,0.9999916553497314,0.0006700915791824883,,,
threshold,std_attn_out_r30_alpha120_p025,12011,target,UADFV,unit_f1_source_fixed,0.912621359223301,0.5040047231311746,0.9929078014184397,,,
threshold,std_attn_out_r30_alpha120_p025,12011,target,UADFV,unit_eer_descriptive,0.04081632653061226,0.7693210937577533,,,,
threshold,std_attn_out_r30_alpha120_p025,12011,target,UADFV,frame_tpr_source_fpr_0.01,0.8968407479045777,0.999903678894043,0.009828009828009828,,,
threshold,std_attn_out_r30_alpha120_p025,12011,target,UADFV,frame_tpr_source_fpr_0.001,0.25338491295938104,0.9999916553497314,0.0006700915791824883,,,
threshold,std_attn_out_r30_alpha120_p025,12011,target,DeeperForensics-1.0,unit_f1_source_fixed,0.8108108108108107,0.5040047231311746,0.9929078014184397,,,
threshold,std_attn_out_r30_alpha120_p025,12011,target,DeeperForensics-1.0,unit_eer_descriptive,0.019675100608981463,0.1105105501304094,,,,
threshold,std_attn_out_r30_alpha120_p025,12011,target,DeeperForensics-1.0,frame_tpr_source_fpr_0.01,0.8177715530656707,0.999903678894043,0.009828009828009828,,,
threshold,std_attn_out_r30_alpha120_p025,12011,target,DeeperForensics-1.0,frame_tpr_source_fpr_0.001,0.5213196389666978,0.9999916553497314,0.0006700915791824883,,,
threshold,std_attn_out_r30_alpha120_p025,12011,target,WildDeepfake,unit_f1_source_fixed,0.8990825688073394,0.5040047231311746,0.9929078014184397,,,
threshold,std_attn_out_r30_alpha120_p025,12011,target,WildDeepfake,unit_eer_descriptive,0.14099378881987576,0.4875267316092504,,,,
threshold,std_attn_out_r30_alpha120_p025,12011,target,WildDeepfake,frame_tpr_source_fpr_0.01,0.5535326086956521,0.999903678894043,0.009828009828009828,,,
threshold,std_attn_out_r30_alpha120_p025,12011,target,WildDeepfake,frame_tpr_source_fpr_0.001,0.2752717391304348,0.9999916553497314,0.0006700915791824883,,,
threshold,std_attn_qv_r15_alpha60_p025,12011,target,Celeb-DF-v2,unit_f1_source_fixed,0.9300291545189505,0.5002677736854366,1.0,,,
threshold,std_attn_qv_r15_alpha60_p025,12011,target,Celeb-DF-v2,unit_eer_descriptive,0.09053205551883675,0.6051961649209261,,,,
threshold,std_attn_qv_r15_alpha60_p025,12011,target,Celeb-DF-v2,frame_tpr_source_fpr_0.01,0.6813888888888889,0.9995920062065125,0.009828009828009828,,,
threshold,std_attn_qv_r15_alpha60_p025,12011,target,Celeb-DF-v2,frame_tpr_source_fpr_0.001,0.3434259259259259,0.9999781847000122,0.0008934554389099843,,,
threshold,std_attn_qv_r15_alpha60_p025,12011,target,DFDC,unit_f1_source_fixed,0.7812865497076025,0.5002677736854366,1.0,,,
threshold,std_attn_qv_r15_alpha60_p025,12011,target,DFDC,unit_eer_descriptive,0.20004185851820847,0.2770483155745751,,,,
threshold,std_attn_qv_r15_alpha60_p025,12011,target,DFDC,frame_tpr_source_fpr_0.01,0.5488809167622838,0.9995920062065125,0.009828009828009828,,,
threshold,std_attn_qv_r15_alpha60_p025,12011,target,DFDC,frame_tpr_source_fpr_0.001,0.3632626977095467,0.9999781847000122,0.0008934554389099843,,,
threshold,std_attn_qv_r15_alpha60_p025,12011,target,DFDCP,unit_f1_source_fixed,0.8306451612903225,0.5002677736854366,1.0,,,
threshold,std_attn_qv_r15_alpha60_p025,12011,target,DFDCP,unit_eer_descriptive,0.1531011745312178,0.2697268255408211,,,,
threshold,std_attn_qv_r15_alpha60_p025,12011,target,DFDCP,frame_tpr_source_fpr_0.01,0.5905838706828018,0.9995920062065125,0.009828009828009828,,,
threshold,std_attn_qv_r15_alpha60_p025,12011,target,DFDCP,frame_tpr_source_fpr_0.001,0.41833760268527515,0.9999781847000122,0.0008934554389099843,,,
threshold,std_attn_qv_r15_alpha60_p025,12011,target,UADFV,unit_f1_source_fixed,0.9400000000000001,0.5002677736854366,1.0,,,
threshold,std_attn_qv_r15_alpha60_p025,12011,target,UADFV,unit_eer_descriptive,0.04081632653061226,0.6621351748833368,,,,
threshold,std_attn_qv_r15_alpha60_p025,12011,target,UADFV,frame_tpr_source_fpr_0.01,0.9529335912314636,0.9995920062065125,0.009828009828009828,,,
threshold,std_attn_qv_r15_alpha60_p025,12011,target,UADFV,frame_tpr_source_fpr_0.001,0.8007736943907157,0.9999781847000122,0.0008934554389099843,,,
threshold,std_attn_qv_r15_alpha60_p025,12011,target,DeeperForensics-1.0,unit_f1_source_fixed,0.9208633093525178,0.5002677736854366,1.0,,,
threshold,std_attn_qv_r15_alpha60_p025,12011,target,DeeperForensics-1.0,unit_eer_descriptive,0.019896399386920435,0.049845240285827055,,,,
threshold,std_attn_qv_r15_alpha60_p025,12011,target,DeeperForensics-1.0,frame_tpr_source_fpr_0.01,0.7861811391223156,0.9995920062065125,0.009828009828009828,,,
threshold,std_attn_qv_r15_alpha60_p025,12011,target,DeeperForensics-1.0,frame_tpr_source_fpr_0.001,0.5046685340802988,0.9999781847000122,0.0008934554389099843,,,
threshold,std_attn_qv_r15_alpha60_p025,12011,target,WildDeepfake,unit_f1_source_fixed,0.8708133971291866,0.5002677736854366,1.0,,,
threshold,std_attn_qv_r15_alpha60_p025,12011,target,WildDeepfake,unit_eer_descriptive,0.1453416149068323,0.31061475767637603,,,,
threshold,std_attn_qv_r15_alpha60_p025,12011,target,WildDeepfake,frame_tpr_source_fpr_0.01,0.44429347826086957,0.9995920062065125,0.009828009828009828,,,
threshold,std_attn_qv_r15_alpha60_p025,12011,target,WildDeepfake,frame_tpr_source_fpr_0.001,0.19184782608695652,0.9999781847000122,0.0008934554389099843,,,
threshold,std_mlp_r6_alpha24_p025,12011,target,Celeb-DF-v2,unit_f1_source_fixed,0.9363507779349363,0.5001233156478975,1.0,,,
threshold,std_mlp_r6_alpha24_p025,12011,target,Celeb-DF-v2,unit_eer_descriptive,0.08478189028420358,0.6943830093368888,,,,
threshold,std_mlp_r6_alpha24_p025,12011,target,Celeb-DF-v2,frame_tpr_source_fpr_0.01,0.7257407407407407,0.9998345375061035,0.009828009828009828,,,
threshold,std_mlp_r6_alpha24_p025,12011,target,Celeb-DF-v2,frame_tpr_source_fpr_0.001,0.40305555555555556,0.9999908208847046,0.0008934554389099843,,,
threshold,std_mlp_r6_alpha24_p025,12011,target,DFDC,unit_f1_source_fixed,0.7386279813130071,0.5001233156478975,1.0,,,
threshold,std_mlp_r6_alpha24_p025,12011,target,DFDC,unit_eer_descriptive,0.21173358454471403,0.201342569605913,,,,
threshold,std_mlp_r6_alpha24_p025,12011,target,DFDC,frame_tpr_source_fpr_0.01,0.4515983791085097,0.9998345375061035,0.009828009828009828,,,
threshold,std_mlp_r6_alpha24_p025,12011,target,DFDC,frame_tpr_source_fpr_0.001,0.2527341650811172,0.9999908208847046,0.0008934554389099843,,,
threshold,std_mlp_r6_alpha24_p025,12011,target,DFDCP,unit_f1_source_fixed,0.8295302013422818,0.5001233156478975,1.0,,,
threshold,std_mlp_r6_alpha24_p025,12011,target,DFDCP,unit_eer_descriptive,0.14401401195137029,0.26988174223060923,,,,
threshold,std_mlp_r6_alpha24_p025,12011,target,DFDCP,frame_tpr_source_fpr_0.01,0.5631127992226835,0.9998345375061035,0.009828009828009828,,,
threshold,std_mlp_r6_alpha24_p025,12011,target,DFDCP,frame_tpr_source_fpr_0.001,0.2829255366133734,0.9999908208847046,0.0008934554389099843,,,
threshold,std_mlp_r6_alpha24_p025,12011,target,UADFV,unit_f1_source_fixed,0.9215686274509803,0.5001233156478975,1.0,,,
threshold,std_mlp_r6_alpha24_p025,12011,target,UADFV,unit_eer_descriptive,0.04081632653061226,0.7065998643520288,,,,
threshold,std_mlp_r6_alpha24_p025,12011,target,UADFV,frame_tpr_source_fpr_0.01,0.9194068343004513,0.9998345375061035,0.009828009828009828,,,
threshold,std_mlp_r6_alpha24_p025,12011,target,UADFV,frame_tpr_source_fpr_0.001,0.5164410058027079,0.9999908208847046,0.0008934554389099843,,,
threshold,std_mlp_r6_alpha24_p025,12011,target,DeeperForensics-1.0,unit_f1_source_fixed,0.7078651685393258,0.5001233156478975,1.0,,,
threshold,std_mlp_r6_alpha24_p025,12011,target,DeeperForensics-1.0,unit_eer_descriptive,0.02099059890006312,0.20895480078615947,,,,
threshold,std_mlp_r6_alpha24_p025,12011,target,DeeperForensics-1.0,frame_tpr_source_fpr_0.01,0.7818238406473701,0.9998345375061035,0.009828009828009828,,,
threshold,std_mlp_r6_alpha24_p025,12011,target,DeeperForensics-1.0,frame_tpr_source_fpr_0.001,0.5068471833177716,0.9999908208847046,0.0008934554389099843,,,
threshold,std_mlp_r6_alpha24_p025,12011,target,WildDeepfake,unit_f1_source_fixed,0.8258706467661692,0.5001233156478975,1.0,,,
threshold,std_mlp_r6_alpha24_p025,12011,target,WildDeepfake,unit_eer_descriptive,0.14099378881987576,0.33327202819054946,,,,
threshold,std_mlp_r6_alpha24_p025,12011,target,WildDeepfake,frame_tpr_source_fpr_0.01,0.4057065217391304,0.9998345375061035,0.009828009828009828,,,
threshold,std_mlp_r6_alpha24_p025,12011,target,WildDeepfake,frame_tpr_source_fpr_0.001,0.18369565217391304,0.9999908208847046,0.0008934554389099843,,,
threshold,std_mlp_attn_out_r5_alpha20_p025,12011,target,Celeb-DF-v2,unit_f1_source_fixed,0.9354375896700143,0.5000905208746076,0.9964412811387899,,,
threshold,std_mlp_attn_out_r5_alpha20_p025,12011,target,Celeb-DF-v2,unit_eer_descriptive,0.09628222075346993,0.6530353616835782,,,,
threshold,std_mlp_attn_out_r5_alpha20_p025,12011,target,Celeb-DF-v2,frame_tpr_source_fpr_0.01,0.6862037037037036,0.9998852014541626,0.009828009828009828,,,
threshold,std_mlp_attn_out_r5_alpha20_p025,12011,target,Celeb-DF-v2,frame_tpr_source_fpr_0.001,0.3649074074074074,0.9999940395355225,0.0008934554389099843,,,
threshold,std_mlp_attn_out_r5_alpha20_p025,12011,target,DFDC,unit_f1_source_fixed,0.7620656370656371,0.5000905208746076,0.9964412811387899,,,
threshold,std_mlp_attn_out_r5_alpha20_p025,12011,target,DFDC,unit_eer_descriptive,0.19047650905382574,0.24393821252670023,,,,
threshold,std_mlp_attn_out_r5_alpha20_p025,12011,target,DFDC,frame_tpr_source_fpr_0.01,0.46198312297570115,0.9998852014541626,0.009828009828009828,,,
threshold,std_mlp_attn_out_r5_alpha20_p025,12011,target,DFDC,frame_tpr_source_fpr_0.001,0.24150702241071298,0.9999940395355225,0.0008934554389099843,,,
threshold,std_mlp_attn_out_r5_alpha20_p025,12011,target,DFDCP,unit_f1_source_fixed,0.8552971576227392,0.5000905208746076,0.9964412811387899,,,
threshold,std_mlp_attn_out_r5_alpha20_p025,12011,target,DFDCP,unit_eer_descriptive,0.14855759324129408,0.3467345195795133,,,,
threshold,std_mlp_attn_out_r5_alpha20_p025,12011,target,DFDCP,frame_tpr_source_fpr_0.01,0.5768925006624857,0.9998852014541626,0.009828009828009828,,,
threshold,std_mlp_attn_out_r5_alpha20_p025,12011,target,DFDCP,frame_tpr_source_fpr_0.001,0.2697641551099726,0.9999940395355225,0.0008934554389099843,,,
threshold,std_mlp_attn_out_r5_alpha20_p025,12011,target,UADFV,unit_f1_source_fixed,0.912621359223301,0.5000905208746076,0.9964412811387899,,,
threshold,std_mlp_attn_out_r5_alpha20_p025,12011,target,UADFV,unit_eer_descriptive,0.04081632653061226,0.6558737122591083,,,,
threshold,std_mlp_attn_out_r5_alpha20_p025,12011,target,UADFV,frame_tpr_source_fpr_0.01,0.9206963249516441,0.9998852014541626,0.009828009828009828,,,
threshold,std_mlp_attn_out_r5_alpha20_p025,12011,target,UADFV,frame_tpr_source_fpr_0.001,0.41134751773049644,0.9999940395355225,0.0008934554389099843,,,
threshold,std_mlp_attn_out_r5_alpha20_p025,12011,target,DeeperForensics-1.0,unit_f1_source_fixed,0.7636363636363637,0.5000905208746076,0.9964412811387899,,,
threshold,std_mlp_attn_out_r5_alpha20_p025,12011,target,DeeperForensics-1.0,unit_eer_descriptive,0.019896399386920435,0.16087633846109384,,,,
threshold,std_mlp_attn_out_r5_alpha20_p025,12011,target,DeeperForensics-1.0,frame_tpr_source_fpr_0.01,0.7489884842826019,0.9998852014541626,0.009828009828009828,,,
threshold,std_mlp_attn_out_r5_alpha20_p025,12011,target,DeeperForensics-1.0,frame_tpr_source_fpr_0.001,0.4316837846249611,0.9999940395355225,0.0008934554389099843,,,
threshold,std_mlp_attn_out_r5_alpha20_p025,12011,target,WildDeepfake,unit_f1_source_fixed,0.8557692307692307,0.5000905208746076,0.9964412811387899,,,
threshold,std_mlp_attn_out_r5_alpha20_p025,12011,target,WildDeepfake,unit_eer_descriptive,0.14099378881987576,0.3769211985345464,,,,
threshold,std_mlp_attn_out_r5_alpha20_p025,12011,target,WildDeepfake,frame_tpr_source_fpr_0.01,0.4682065217391304,0.9998852014541626,0.009828009828009828,,,
threshold,std_mlp_attn_out_r5_alpha20_p025,12011,target,WildDeepfake,frame_tpr_source_fpr_0.001,0.19782608695652174,0.9999940395355225,0.0008934554389099843,,,
