placement,variant,n_seeds,mean,sample_sd
Attn-Out,macro_6_all_datasets,3,0.9385169891763901,0.0020448329452015263
Attn-Out,macro_5_excluding_DeeperForensics-1.0,3,0.9285564082667898,0.0025761967569730973
Attn-Out,macro_5_excluding_DFDCP,3,0.9444214997254535,0.0013793539967160526
Attn-Out,family_balanced_DFDC_DFDCP_merged,3,0.9485545575969612,0.0012968070841933505
Attn-Out,leave_one_out_without_Celeb-DF-v2,3,0.9336680627111614,0.0017385666648535832
Attn-Out,leave_one_out_without_DFDC,3,0.952687615468469,0.0012437507489650695
Attn-Out,leave_one_out_without_UADFV,3,0.9292746699493329,0.002039024806577487
Attn-Out,leave_one_out_without_WildDeepfake,3,0.9424936789371339,0.003565637618426842
Attn-Q/V,macro_6_all_datasets,3,0.9432263600325014,0.0010440863668546246
Attn-Q/V,macro_5_excluding_DeeperForensics-1.0,3,0.9345106454517792,0.0015433358451792966
Attn-Q/V,macro_5_excluding_DFDCP,3,0.9471027605505754,0.0011428056433180217
Attn-Q/V,family_balanced_DFDC_DFDCP_merged,3,0.9514211954467692,0.0011175536849788639
Attn-Q/V,leave_one_out_without_Celeb-DF-v2,3,0.9366557254516477,0.001239948175479585
Attn-Q/V,leave_one_out_without_DFDC,3,0.9557396303429632,0.0012012088863628911
Attn-Q/V,leave_one_out_without_UADFV,3,0.9351202784363362,0.0014547865256784485
Attn-Q/V,leave_one_out_without_WildDeepfake,3,0.9502291199617071,0.0007612584315826425
MLP,macro_6_all_datasets,3,0.9400303163285684,0.0012030016221529468
MLP,macro_5_excluding_DeeperForensics-1.0,3,0.9311213098407197,0.0012825052249567993
MLP,macro_5_excluding_DFDCP,3,0.9435195858584485,0.0016600164271022664
MLP,family_balanced_DFDC_DFDCP_merged,3,0.9485886360658102,0.0016942661037954042
MLP,leave_one_out_without_Celeb-DF-v2,3,0.9335552163424645,0.0010943319498366473
MLP,leave_one_out_without_DFDC,3,0.9536576862731717,0.0019144399680312725
MLP,leave_one_out_without_UADFV,3,0.9313683246171891,0.0011874043111107702
MLP,leave_one_out_without_WildDeepfake,3,0.9469597750394166,0.0018030691319410922
MLP+Attn-Out,macro_6_all_datasets,3,0.9414655529583399,0.002257845941058588
MLP+Attn-Out,macro_5_excluding_DeeperForensics-1.0,3,0.932891499048762,0.0025344287987236935
MLP+Attn-Out,macro_5_excluding_DFDCP,3,0.9454032819990771,0.0030367065538610787
MLP+Attn-Out,family_balanced_DFDC_DFDCP_merged,3,0.9499660132814735,0.0021149067073485102
MLP+Attn-Out,leave_one_out_without_Celeb-DF-v2,3,0.9354107895689546,0.0032978695297841464
MLP+Attn-Out,leave_one_out_without_DFDC,3,0.9545287445638699,0.002030532216130051
MLP+Attn-Out,leave_one_out_without_UADFV,3,0.9332572058240602,0.0019472071239608525
MLP+Attn-Out,leave_one_out_without_WildDeepfake,3,0.9473017967453149,0.0023065106130075947
