round,order,placement,position,state,run_id,checkpoint_sha256,batch1_latency_ms,batch32_fps,batch1_peak_gib,batch32_peak_gib
1,1,Attn-Out,attn_out,unmerged,std_attn_out_r30_alpha120_p025__seed3407,990a779221916d5a00c6d71a2a823445388f61e04c5d23c3a737d54cfeb959f4,8.325686492025852,190.2214191852117,1.6394710540771484,2.064596176147461
1,2,Attn-Q/V,attn_qv,merged,std_attn_qv_r15_alpha60_p025__seed3407,83b6c2464db665afe3cc98b94815819cf6ed58b42a78402c7e58f691b806386e,7.688861479982734,190.39199221268703,1.6355648040771484,2.090475082397461
1,3,MLP,mlp,unmerged,std_mlp_r6_alpha24_p025__seed3407,b55ec9508f699f3c35c7cfcb423115e12dc6e847c17bfd2a841ed85b44539225,11.420525933615863,182.90092280150873,1.666799545288086,2.064596176147461
1,4,MLP+Attn-Out,mlp_attn_out,merged,std_mlp_attn_out_r5_alpha20_p025__seed3407,a6bd6b87611c1e7a83476dc591f342726c444d375ed5be21fab745acfcefb0e3,7.830693022347987,188.70192439831985,1.6355648040771484,2.090475082397461
1,5,Attn-Out,attn_out,merged,std_attn_out_r30_alpha120_p025__seed3407,990a779221916d5a00c6d71a2a823445388f61e04c5d23c3a737d54cfeb959f4,7.669036551378667,189.908963566827,1.6355648040771484,2.090475082397461
1,6,Attn-Q/V,attn_qv,unmerged,std_attn_qv_r15_alpha60_p025__seed3407,83b6c2464db665afe3cc98b94815819cf6ed58b42a78402c7e58f691b806386e,10.662512212060392,186.98135809986098,1.658956527709961,2.064596176147461
1,7,MLP,mlp,merged,std_mlp_r6_alpha24_p025__seed3407,b55ec9508f699f3c35c7cfcb423115e12dc6e847c17bfd2a841ed85b44539225,7.693727787584066,188.6520207535863,1.6355648040771484,2.090475082397461
1,8,MLP+Attn-Out,mlp_attn_out,unmerged,std_mlp_attn_out_r5_alpha20_p025__seed3407,a6bd6b87611c1e7a83476dc591f342726c444d375ed5be21fab745acfcefb0e3,12.455077501945198,181.37092166168648,1.666799545288086,2.064596176147461
2,1,Attn-Q/V,attn_qv,merged,std_attn_qv_r15_alpha60_p025__seed3407,83b6c2464db665afe3cc98b94815819cf6ed58b42a78402c7e58f691b806386e,7.699416444636881,189.5441900424581,1.6355648040771484,2.090475082397461
2,2,MLP,mlp,unmerged,std_mlp_r6_alpha24_p025__seed3407,b55ec9508f699f3c35c7cfcb423115e12dc6e847c17bfd2a841ed85b44539225,11.096629364416003,182.4270107242669,1.666799545288086,2.064596176147461
2,3,MLP+Attn-Out,mlp_attn_out,merged,std_mlp_attn_out_r5_alpha20_p025__seed3407,a6bd6b87611c1e7a83476dc591f342726c444d375ed5be21fab745acfcefb0e3,7.705537649802864,188.26421331276728,1.6355648040771484,2.090475082397461
2,4,Attn-Out,attn_out,merged,std_attn_out_r30_alpha120_p025__seed3407,990a779221916d5a00c6d71a2a823445388f61e04c5d23c3a737d54cfeb959f4,7.628777181729674,189.55877549950503,1.6355648040771484,2.090475082397461
2,5,Attn-Q/V,attn_qv,unmerged,std_attn_qv_r15_alpha60_p025__seed3407,83b6c2464db665afe3cc98b94815819cf6ed58b42a78402c7e58f691b806386e,10.443211822770536,186.64660221201734,1.658956527709961,2.064596176147461
2,6,MLP,mlp,merged,std_mlp_r6_alpha24_p025__seed3407,b55ec9508f699f3c35c7cfcb423115e12dc6e847c17bfd2a841ed85b44539225,7.69525795429945,188.34410436320007,1.6355648040771484,2.090475082397461
2,7,MLP+Attn-Out,mlp_attn_out,unmerged,std_mlp_attn_out_r5_alpha20_p025__seed3407,a6bd6b87611c1e7a83476dc591f342726c444d375ed5be21fab745acfcefb0e3,12.453941686078906,181.06593892037662,1.666799545288086,2.064596176147461
2,8,Attn-Out,attn_out,unmerged,std_attn_out_r30_alpha120_p025__seed3407,990a779221916d5a00c6d71a2a823445388f61e04c5d23c3a737d54cfeb959f4,7.95898849144578,188.8467293908909,1.6394710540771484,2.064596176147461
3,1,MLP,mlp,unmerged,std_mlp_r6_alpha24_p025__seed3407,b55ec9508f699f3c35c7cfcb423115e12dc6e847c17bfd2a841ed85b44539225,11.063683912158012,182.31429192758242,1.666799545288086,2.064596176147461
3,2,MLP+Attn-Out,mlp_attn_out,merged,std_mlp_attn_out_r5_alpha20_p025__seed3407,a6bd6b87611c1e7a83476dc591f342726c444d375ed5be21fab745acfcefb0e3,7.710664847865701,188.20827615140274,1.6355648040771484,2.090475082397461
3,3,Attn-Out,attn_out,merged,std_attn_out_r30_alpha120_p025__seed3407,990a779221916d5a00c6d71a2a823445388f61e04c5d23c3a737d54cfeb959f4,7.647961006499827,189.49087699406965,1.6355648040771484,2.090475082397461
3,4,Attn-Q/V,attn_qv,unmerged,std_attn_qv_r15_alpha60_p025__seed3407,83b6c2464db665afe3cc98b94815819cf6ed58b42a78402c7e58f691b806386e,10.496374086476862,186.5781489674661,1.658956527709961,2.064596176147461
3,5,MLP,mlp,merged,std_mlp_r6_alpha24_p025__seed3407,b55ec9508f699f3c35c7cfcb423115e12dc6e847c17bfd2a841ed85b44539225,7.707563598640263,188.29625062682263,1.6355648040771484,2.090475082397461
3,6,MLP+Attn-Out,mlp_attn_out,unmerged,std_mlp_attn_out_r5_alpha20_p025__seed3407,a6bd6b87611c1e7a83476dc591f342726c444d375ed5be21fab745acfcefb0e3,12.483884404413402,181.13935735875395,1.666799545288086,2.064596176147461
3,7,Attn-Out,attn_out,unmerged,std_attn_out_r30_alpha120_p025__seed3407,990a779221916d5a00c6d71a2a823445388f61e04c5d23c3a737d54cfeb959f4,7.959624137729406,188.7599073040842,1.6394710540771484,2.064596176147461
3,8,Attn-Q/V,attn_qv,merged,std_attn_qv_r15_alpha60_p025__seed3407,83b6c2464db665afe3cc98b94815819cf6ed58b42a78402c7e58f691b806386e,7.655259848572314,189.2641572891086,1.6355648040771484,2.090475082397461
4,1,MLP+Attn-Out,mlp_attn_out,merged,std_mlp_attn_out_r5_alpha20_p025__seed3407,a6bd6b87611c1e7a83476dc591f342726c444d375ed5be21fab745acfcefb0e3,7.705795274116099,188.1340091160503,1.6355648040771484,2.090475082397461
4,2,Attn-Out,attn_out,merged,std_attn_out_r30_alpha120_p025__seed3407,990a779221916d5a00c6d71a2a823445388f61e04c5d23c3a737d54cfeb959f4,7.636253274045885,189.36979340804774,1.6355648040771484,2.090475082397461
4,3,Attn-Q/V,attn_qv,unmerged,std_attn_qv_r15_alpha60_p025__seed3407,83b6c2464db665afe3cc98b94815819cf6ed58b42a78402c7e58f691b806386e,10.426500031724572,186.5235795571581,1.658956527709961,2.064596176147461
4,4,MLP,mlp,merged,std_mlp_r6_alpha24_p025__seed3407,b55ec9508f699f3c35c7cfcb423115e12dc6e847c17bfd2a841ed85b44539225,7.710662274621427,188.2626132751027,1.6355648040771484,2.090475082397461
4,5,MLP+Attn-Out,mlp_attn_out,unmerged,std_mlp_attn_out_r5_alpha20_p025__seed3407,a6bd6b87611c1e7a83476dc591f342726c444d375ed5be21fab745acfcefb0e3,12.45053637586534,181.16085583704657,1.666799545288086,2.064596176147461
4,6,Attn-Out,attn_out,unmerged,std_attn_out_r30_alpha120_p025__seed3407,990a779221916d5a00c6d71a2a823445388f61e04c5d23c3a737d54cfeb959f4,7.964605747722089,188.83657013572767,1.6394710540771484,2.064596176147461
4,7,Attn-Q/V,attn_qv,merged,std_attn_qv_r15_alpha60_p025__seed3407,83b6c2464db665afe3cc98b94815819cf6ed58b42a78402c7e58f691b806386e,7.654260331764817,189.28574652111433,1.6355648040771484,2.090475082397461
4,8,MLP,mlp,unmerged,std_mlp_r6_alpha24_p025__seed3407,b55ec9508f699f3c35c7cfcb423115e12dc6e847c17bfd2a841ed85b44539225,10.977979307994246,182.21974096626744,1.666799545288086,2.064596176147461
5,1,Attn-Out,attn_out,merged,std_attn_out_r30_alpha120_p025__seed3407,990a779221916d5a00c6d71a2a823445388f61e04c5d23c3a737d54cfeb959f4,7.641060554422438,189.3699434629708,1.6355648040771484,2.090475082397461
5,2,Attn-Q/V,attn_qv,unmerged,std_attn_qv_r15_alpha60_p025__seed3407,83b6c2464db665afe3cc98b94815819cf6ed58b42a78402c7e58f691b806386e,10.440094124525785,186.59235173438014,1.658956527709961,2.064596176147461
5,3,MLP,mlp,merged,std_mlp_r6_alpha24_p025__seed3407,b55ec9508f699f3c35c7cfcb423115e12dc6e847c17bfd2a841ed85b44539225,7.7119967164471745,188.2468620654263,1.6355648040771484,2.090475082397461
5,4,MLP+Attn-Out,mlp_attn_out,unmerged,std_mlp_attn_out_r5_alpha20_p025__seed3407,a6bd6b87611c1e7a83476dc591f342726c444d375ed5be21fab745acfcefb0e3,12.473804278299212,181.06260281719202,1.666799545288086,2.064596176147461
5,5,Attn-Out,attn_out,unmerged,std_attn_out_r30_alpha120_p025__seed3407,990a779221916d5a00c6d71a2a823445388f61e04c5d23c3a737d54cfeb959f4,7.978487473912537,188.76367323499449,1.6394710540771484,2.064596176147461
5,6,Attn-Q/V,attn_qv,merged,std_attn_qv_r15_alpha60_p025__seed3407,83b6c2464db665afe3cc98b94815819cf6ed58b42a78402c7e58f691b806386e,7.650611646473408,189.16792363484794,1.6355648040771484,2.090475082397461
5,7,MLP,mlp,unmerged,std_mlp_r6_alpha24_p025__seed3407,b55ec9508f699f3c35c7cfcb423115e12dc6e847c17bfd2a841ed85b44539225,11.006678894162178,182.16847597190755,1.666799545288086,2.064596176147461
5,8,MLP+Attn-Out,mlp_attn_out,merged,std_mlp_attn_out_r5_alpha20_p025__seed3407,a6bd6b87611c1e7a83476dc591f342726c444d375ed5be21fab745acfcefb0e3,7.717650202102959,188.02711017618054,1.6355648040771484,2.090475082397461
6,1,Attn-Q/V,attn_qv,unmerged,std_attn_qv_r15_alpha60_p025__seed3407,83b6c2464db665afe3cc98b94815819cf6ed58b42a78402c7e58f691b806386e,10.474592880345881,186.59420086554303,1.658956527709961,2.064596176147461
6,2,MLP,mlp,merged,std_mlp_r6_alpha24_p025__seed3407,b55ec9508f699f3c35c7cfcb423115e12dc6e847c17bfd2a841ed85b44539225,7.711984120309353,188.2505235114614,1.6355648040771484,2.090475082397461
6,3,MLP+Attn-Out,mlp_attn_out,unmerged,std_mlp_attn_out_r5_alpha20_p025__seed3407,a6bd6b87611c1e7a83476dc591f342726c444d375ed5be21fab745acfcefb0e3,12.519385708495975,181.04769264296417,1.666799545288086,2.064596176147461
6,4,Attn-Out,attn_out,unmerged,std_attn_out_r30_alpha120_p025__seed3407,990a779221916d5a00c6d71a2a823445388f61e04c5d23c3a737d54cfeb959f4,7.971084319986403,188.7845162161813,1.6394710540771484,2.064596176147461
6,5,Attn-Q/V,attn_qv,merged,std_attn_qv_r15_alpha60_p025__seed3407,83b6c2464db665afe3cc98b94815819cf6ed58b42a78402c7e58f691b806386e,7.654855463653803,189.30293951536157,1.6355648040771484,2.090475082397461
6,6,MLP,mlp,unmerged,std_mlp_r6_alpha24_p025__seed3407,b55ec9508f699f3c35c7cfcb423115e12dc6e847c17bfd2a841ed85b44539225,10.933738553896546,182.2262981936388,1.666799545288086,2.064596176147461
6,7,MLP+Attn-Out,mlp_attn_out,merged,std_mlp_attn_out_r5_alpha20_p025__seed3407,a6bd6b87611c1e7a83476dc591f342726c444d375ed5be21fab745acfcefb0e3,7.71139879245311,188.01702859993176,1.6355648040771484,2.090475082397461
6,8,Attn-Out,attn_out,merged,std_attn_out_r30_alpha120_p025__seed3407,990a779221916d5a00c6d71a2a823445388f61e04c5d23c3a737d54cfeb959f4,7.6433678437024355,189.3350862479877,1.6355648040771484,2.090475082397461
7,1,MLP,mlp,merged,std_mlp_r6_alpha24_p025__seed3407,b55ec9508f699f3c35c7cfcb423115e12dc6e847c17bfd2a841ed85b44539225,7.71166449226439,188.1656720620682,1.6355648040771484,2.090475082397461
7,2,MLP+Attn-Out,mlp_attn_out,unmerged,std_mlp_attn_out_r5_alpha20_p025__seed3407,a6bd6b87611c1e7a83476dc591f342726c444d375ed5be21fab745acfcefb0e3,12.366578966379166,181.04540091212445,1.666799545288086,2.064596176147461
7,3,Attn-Out,attn_out,unmerged,std_attn_out_r30_alpha120_p025__seed3407,990a779221916d5a00c6d71a2a823445388f61e04c5d23c3a737d54cfeb959f4,7.96367485076189,188.7451115839782,1.6394710540771484,2.064596176147461
7,4,Attn-Q/V,attn_qv,merged,std_attn_qv_r15_alpha60_p025__seed3407,83b6c2464db665afe3cc98b94815819cf6ed58b42a78402c7e58f691b806386e,7.660590164363384,189.20699153780734,1.6355648040771484,2.090475082397461
7,5,MLP,mlp,unmerged,std_mlp_r6_alpha24_p025__seed3407,b55ec9508f699f3c35c7cfcb423115e12dc6e847c17bfd2a841ed85b44539225,11.06299961451441,181.59389870899565,1.666799545288086,2.064596176147461
7,6,MLP+Attn-Out,mlp_attn_out,merged,std_mlp_attn_out_r5_alpha20_p025__seed3407,a6bd6b87611c1e7a83476dc591f342726c444d375ed5be21fab745acfcefb0e3,8.267323068343103,187.79457941541466,1.6355648040771484,2.090475082397461
7,7,Attn-Out,attn_out,merged,std_attn_out_r30_alpha120_p025__seed3407,990a779221916d5a00c6d71a2a823445388f61e04c5d23c3a737d54cfeb959f4,7.659610707312822,189.18737045888756,1.6355648040771484,2.090475082397461
7,8,Attn-Q/V,attn_qv,unmerged,std_attn_qv_r15_alpha60_p025__seed3407,83b6c2464db665afe3cc98b94815819cf6ed58b42a78402c7e58f691b806386e,10.463435973972082,186.42513393908084,1.658956527709961,2.064596176147461
8,1,MLP+Attn-Out,mlp_attn_out,unmerged,std_mlp_attn_out_r5_alpha20_p025__seed3407,a6bd6b87611c1e7a83476dc591f342726c444d375ed5be21fab745acfcefb0e3,12.440335555933416,180.93117884698685,1.666799545288086,2.064596176147461
8,2,Attn-Out,attn_out,unmerged,std_attn_out_r30_alpha120_p025__seed3407,990a779221916d5a00c6d71a2a823445388f61e04c5d23c3a737d54cfeb959f4,7.960328715853393,188.65609495131508,1.6394710540771484,2.064596176147461
8,3,Attn-Q/V,attn_qv,merged,std_attn_qv_r15_alpha60_p025__seed3407,83b6c2464db665afe3cc98b94815819cf6ed58b42a78402c7e58f691b806386e,7.662095669656992,189.14677599734134,1.6355648040771484,2.090475082397461
8,4,MLP,mlp,unmerged,std_mlp_r6_alpha24_p025__seed3407,b55ec9508f699f3c35c7cfcb423115e12dc6e847c17bfd2a841ed85b44539225,10.956644020043314,182.11390300267416,1.666799545288086,2.064596176147461
8,5,MLP+Attn-Out,mlp_attn_out,merged,std_mlp_attn_out_r5_alpha20_p025__seed3407,a6bd6b87611c1e7a83476dc591f342726c444d375ed5be21fab745acfcefb0e3,7.72682988923043,187.91772377948962,1.6355648040771484,2.090475082397461
8,6,Attn-Out,attn_out,merged,std_attn_out_r30_alpha120_p025__seed3407,990a779221916d5a00c6d71a2a823445388f61e04c5d23c3a737d54cfeb959f4,7.686928826384246,189.28786724504457,1.6355648040771484,2.090475082397461
8,7,Attn-Q/V,attn_qv,unmerged,std_attn_qv_r15_alpha60_p025__seed3407,83b6c2464db665afe3cc98b94815819cf6ed58b42a78402c7e58f691b806386e,10.431717234663665,186.43343538714566,1.658956527709961,2.064596176147461
8,8,MLP,mlp,merged,std_mlp_r6_alpha24_p025__seed3407,b55ec9508f699f3c35c7cfcb423115e12dc6e847c17bfd2a841ed85b44539225,7.712073494680226,188.20626387022747,1.6355648040771484,2.090475082397461
