placement,dataset,real_units,fake_units,fake_prevalence,n_seeds,ece_raw_mean,ece_raw_sd,ece_prevalence_balanced_mean,ece_prevalence_balanced_sd,real_absolute_probability_error_mean,real_absolute_probability_error_sd,fake_absolute_probability_error_mean,fake_absolute_probability_error_sd,brier_raw_mean,brier_raw_sd,brier_real_mean,brier_real_sd,brier_fake_mean,brier_fake_sd,brier_class_balanced_mean,brier_class_balanced_sd,ece_prevalence_balanced_ci_low,ece_prevalence_balanced_ci_high,brier_class_balanced_ci_low,brier_class_balanced_ci_high
Attn-Out,Celeb-DF-v2,178,340,0.6563706563706564,3,0.0562448648590864,0.010699868420051769,0.1001374065164763,0.0336793999040695,0.30106907658320026,0.046468838960034835,0.10778248506953214,0.03267270097620808,0.07874884574752793,0.0031266389280675874,0.16123680410242855,0.0334434927727148,0.03556397343231526,0.016528784812916565,0.0984003887673719,0.009050083980778938,0.07264216138851297,0.13761632581151767,0.08064942808787136,0.11688942064688075
Attn-Out,DFDC,2315,2389,0.5078656462585034,3,0.12834955534380033,0.0026420579875280413,0.1251698342523419,0.002686628343988238,0.15531200867930375,0.009226315284729175,0.33945631130119164,0.00917487484869003,0.16426536965412483,0.002961924321361524,0.08369222043471046,0.007202760055439425,0.24234274112459123,0.010512975993415377,0.1630174807796508,0.0028798764907102736,0.11680767683656787,0.13548959921375653,0.15463457356812652,0.17104330413167174
Attn-Out,DFDCP,230,422,0.647239263803681,3,0.113769098520949,0.019211001820543288,0.06231229739487041,0.012474227517887114,0.17018271910948488,0.019394564281608524,0.26263570986615403,0.025588327322142203,0.1345329172752353,0.011469626486461597,0.07862692816567286,0.012329200094800721,0.16500300612641863,0.024199375547370675,0.12181496714604574,0.006254547292076367,0.05939826784827649,0.09667827929291627,0.10458113423694823,0.13876125734929906
Attn-Out,UADFV,49,49,0.5,3,0.12222314255446853,0.018280995533497213,0.1222231425544686,0.018280995533497196,0.27011704059325764,0.03217517352557004,0.032634334072579124,0.002337379614500269,0.07729385071519715,0.014955790543595646,0.13650355424986219,0.029517686580338195,0.018084147180532115,0.0038875139529806987,0.07729385071519716,0.014955790543595662,0.09211481339633353,0.16887030178009238,0.04893869885586561,0.10988238702917863
Attn-Out,DeeperForensics-1.0,40669,201,0.004918032786885246,3,0.014429185254453891,0.0049954830587690055,0.0377398299699151,0.0031802694788713704,0.014900769658934108,0.005043365158134629,0.08098805925204268,0.005574191148765351,0.003991942373713881,0.0014721950393126889,0.0038246110408802422,0.0014698863332680224,0.03784864871705334,0.0021513299793652274,0.020836629878966794,0.0017667533577561797,0.028406020352256776,0.05101608649771346,0.011379997180831481,0.03165861327537134
Attn-Out,WildDeepfake,42,115,0.732484076433121,3,0.08907128527673151,0.012016825691124257,0.1027194301658656,0.0260948774294902,0.28179235074635595,0.027506121757574213,0.18280476305869534,0.022525630400712246,0.10054400205231317,0.005538846337875033,0.1396370955136249,0.01841561307731499,0.08626652444035586,0.014049809061784867,0.11295180997699039,0.002680739620101931,0.09303508766066101,0.17023046637105155,0.07940051436293435,0.1527168033789413
Attn-Q/V,Celeb-DF-v2,178,340,0.6563706563706564,3,0.06558504428285372,0.00586452786031882,0.09455390913482138,0.013441199511183707,0.2596381698770477,0.03038463977201192,0.10847128345132327,0.014104046518747752,0.06502656725990037,0.0026356940994244965,0.12340689911852087,0.022742562583603573,0.034462746463328475,0.007958696515351906,0.07893482279092466,0.0074093656623510345,0.08169364580173405,0.12344140369017742,0.06434450249206838,0.09438092224443329
Attn-Q/V,DFDC,2315,2389,0.5078656462585034,3,0.09216934617900256,0.007947977167225175,0.08917203963474828,0.007726642817869788,0.17895766901711652,0.018058337643124405,0.2928507658975017,0.02001622409270469,0.14746687497878655,0.004480674979691583,0.09442640435427763,0.014116885505053993,0.19886440092928392,0.020718274145624927,0.14664540264178075,0.004265488346901039,0.07934814621892593,0.10189271425151834,0.138253980171952,0.15535859328593613
Attn-Q/V,DFDCP,230,422,0.647239263803681,3,0.10220966608249182,0.04302246221170268,0.058013055866157494,0.027006367708201473,0.16802635942348645,0.044780319005848765,0.24554280805646367,0.047384701468569525,0.12307044213668283,0.01625340682285571,0.07642482431133943,0.02720002920658199,0.14849340919788898,0.03964138160332807,0.11245911675461422,0.00674217923583998,0.0485953962592163,0.10042994428366385,0.09615259483475652,0.12946794065543116
Attn-Q/V,UADFV,49,49,0.5,3,0.11907691114408285,0.009492605704321417,0.11907691114408285,0.009492605704321462,0.2463247819019684,0.040434870355206834,0.03447590440574697,0.0019367777891223566,0.06948622308547768,0.014372799548094046,0.11725575847488749,0.030771388423826415,0.021716687696067872,0.0025533122554617736,0.06948622308547767,0.014372799548094036,0.09275369284509705,0.16310392309244526,0.040164537281958144,0.10203123487235329
Attn-Q/V,DeeperForensics-1.0,40669,201,0.004918032786885246,3,0.015392961294058982,0.006858482170646845,0.03943401516110454,0.005815654654002089,0.015854343145708893,0.006948021711914776,0.08968362358975522,0.010847604027898656,0.0038282975322870977,0.002757073896619016,0.0036378574506564783,0.0027994548612198314,0.04236067404888252,0.006748243966447225,0.022999265749769498,0.002277249934255757,0.029900627036609548,0.05386838841642953,0.013148636384346811,0.034119217644250265
Attn-Q/V,WildDeepfake,42,115,0.732484076433121,3,0.1089859881850821,0.05482599432110906,0.09442473895681201,0.005731435507888284,0.2555342414951982,0.07859376381043134,0.22511674814597185,0.05532170100499039,0.1188173172662486,0.016283850189478283,0.12422379063496836,0.04617541517722779,0.11684277916636836,0.038511337807184895,0.12053328490066835,0.005676005732206279,0.09499890990688913,0.1653295190457545,0.08728836043699065,0.15999941981723895
MLP,Celeb-DF-v2,178,340,0.6563706563706564,3,0.0764191809235946,0.007344708586147021,0.13257874219762686,0.023835530244555567,0.3358772977104268,0.03689372044105078,0.07359417895849273,0.016396197904291494,0.07559984870840368,0.006728433582488592,0.1833221965620293,0.031492221109281134,0.019204031302682018,0.0064452712263076105,0.10126311393235567,0.01260412670121016,0.11079398802701841,0.16261167737788004,0.08178973192136893,0.12315956335055558
MLP,DFDC,2315,2389,0.5078656462585034,3,0.10937440898734048,0.028448526278956828,0.10632795769743852,0.028105546748323003,0.1704842751962566,0.03758632977083654,0.3224567484845312,0.049072436639908235,0.15840054748021548,0.01032743458798016,0.08968657699610806,0.025416296590988655,0.22498608187565647,0.04462901697344795,0.15733632943588227,0.009786109539445977,0.0833819785278488,0.13462779772217334,0.14636438760615225,0.16974704140551153
MLP,DFDCP,230,422,0.647239263803681,3,0.09749361016691076,0.04537191711123291,0.0602786820872562,0.027306772797255383,0.17617514875152665,0.04828069443721645,0.23942710783858612,0.0498926908414203,0.12102616820203886,0.017618577756301164,0.08029813968870785,0.029983866417699418,0.14322390886096334,0.04351049292834754,0.11176102427483559,0.006859541789980833,0.04837419322973779,0.0973409944835303,0.09641674384709963,0.128684679703255
MLP,UADFV,49,49,0.5,3,0.12978894874112606,0.0239639309563992,0.12978894874112604,0.02396393095639918,0.28012813529286257,0.05314650534400649,0.03258165569293347,0.004271569607787413,0.07905883758432362,0.02125720388254327,0.1388670208512157,0.04315929594260062,0.01925065431743157,0.005654926808029853,0.07905883758432362,0.02125720388254326,0.0995389254477451,0.18056357228589237,0.048824438400794416,0.11506781910535634
MLP,DeeperForensics-1.0,40669,201,0.004918032786885246,3,0.0255894190052369,0.009575639263794154,0.03463663425419986,0.007261128750956205,0.026114731549475762,0.009688574395319257,0.08069881911242742,0.018552062465168218,0.006964733802677592,0.0029450345250693487,0.006802226235428965,0.002944359011954037,0.039845431575983095,0.008437658972043975,0.02332382890570603,0.004942310989751736,0.025339875837615662,0.050583617816875794,0.01301227632390901,0.03540199522180573
MLP,WildDeepfake,42,115,0.732484076433121,3,0.14684070088905155,0.050262615166989155,0.09608573124478541,0.03945722264282239,0.2319957261827168,0.06789411928163894,0.2626826797470605,0.05131855889905851,0.13323770453596287,0.014218584792785269,0.10739161883625942,0.04650923670052444,0.1426771445306372,0.03633095183927338,0.1250343816834483,0.0052595928580235225,0.09242298423802921,0.1783050126320193,0.09133181302951311,0.16148321980998254
MLP+Attn-Out,Celeb-DF-v2,178,340,0.6563706563706564,3,0.06273290659686649,0.009823892832980498,0.10810124508500847,0.02717150615500853,0.299289592253255,0.0366197452274499,0.09006332365203361,0.02138782848946696,0.07146191605827075,0.0036666660732858646,0.15535194272460617,0.026226276783138484,0.027543019744718678,0.011307970736172696,0.09144748123466244,0.008230377168480964,0.08776047418773061,0.14128302714665691,0.07417467577218902,0.10927972726847418
MLP+Attn-Out,DFDC,2315,2389,0.5078656462585034,3,0.1004826533254198,0.01917355208246953,0.09735716409773724,0.01886955577748758,0.17262667797551592,0.03228550854595664,0.31438320335319686,0.029708944899584706,0.153068035878986,0.002280263478759864,0.08882173039550727,0.022192621233331624,0.2153242925530142,0.025196118678569347,0.15207301147426072,0.001985333375515297,0.07905645273855388,0.1172311975887836,0.14458208404059125,0.15972435321150155
MLP+Attn-Out,DFDCP,230,422,0.647239263803681,3,0.09181227167920654,0.017520620548061912,0.053649709645250364,0.016689349122223772,0.18021436262187582,0.024977550490354106,0.22668807921465953,0.022704888290613068,0.11698339297875106,0.010430425337978177,0.08556566774202612,0.017901061365858995,0.13410679772862485,0.02002386413276939,0.10983623273532549,0.008479114398563015,0.04964106091061612,0.08712670186540739,0.09214272475421847,0.12786550219081924
MLP+Attn-Out,UADFV,49,49,0.5,3,0.13867858072857642,0.025774074943661848,0.13867858072857644,0.025774074943661886,0.2820638654706964,0.04302842350188852,0.03437647866166873,0.0010931532607583276,0.08085190955466,0.01996821603242677,0.14128342855891649,0.03995243311248125,0.020420390550403497,0.00032834663666560796,0.08085190955465998,0.01996821603242676,0.1027583743398001,0.18815533148565836,0.0506833213893294,0.1156866738542352
MLP+Attn-Out,DeeperForensics-1.0,40669,201,0.004918032786885246,3,0.028079576502686752,0.011276351828250672,0.03825333001591314,0.01022684068395586,0.02866893992215268,0.011238490702823921,0.09116828870258704,0.022965733832676992,0.007859365052023653,0.004673491249859128,0.007676211966749699,0.004746119693278749,0.04491733930578695,0.010565408285552335,0.026296775636268324,0.003121303711895099,0.028729162921524092,0.05652598013963903,0.01603718225738302,0.03791346164054346
MLP+Attn-Out,WildDeepfake,42,115,0.732484076433121,3,0.14240171145905364,0.023669031557341163,0.08861592974393558,0.025365025874224668,0.21723228404454717,0.033561334471698,0.2573969086840057,0.014127384451745547,0.12718876618401506,0.0016442939957653194,0.09603299475152256,0.02062097219101587,0.13856739575066448,0.009266673105132812,0.11730019525109354,0.0057980724662891015,0.09058301578597215,0.1620782030802681,0.0867270112972091,0.15263795522769333
