cohort,configuration,config_id,n_seeds,source_frame_auc_mean,source_frame_auc_sd,source_unit_auc_mean,source_unit_auc_sd
exact_match,Attn-Out,std_attn_out_r30_alpha120_p025,3,0.9856259040304564,0.0018038395757541043,0.999778911564626,0.00020619652471057625
exact_match,Attn-Q/V,std_attn_qv_r15_alpha60_p025,3,0.986512487504112,0.000998294303486969,0.9998809523809524,0.00010620744895235054
exact_match,MLP+Attn-Out,std_mlp_attn_out_r5_alpha20_p025,3,0.9844295698465862,0.0012735146711570701,0.9999149659863945,7.793496079855147e-05
exact_match,MLP,std_mlp_r6_alpha24_p025,3,0.9858468606199312,0.0007255475713286978,0.9999489795918368,8.836993916166245e-05
source_selection,Attn-Out r16/alpha64 pSBI=0.10,sel_attn_out_r16_alpha64_p010,3,0.9827035320864365,0.00048127619512612597,0.9996598639455782,0.00015586992159717563
source_selection,Attn-Out r16/alpha64,sel_attn_out_r16_alpha64_p025,3,0.9845347442335955,0.000629951434058905,0.9999489795918368,8.836993916166245e-05
source_selection,Attn-Q/V r16/alpha64,sel_attn_qv_r16_alpha64_p025,3,0.9851940405800876,0.0008552579144598351,0.9999659863945579,5.8913292774420264e-05
source_selection,MLP+Attn-Out r4/alpha16,sel_mlp_attn_out_r4_alpha16_p025,3,0.9831909043567498,0.0017049052938986448,0.9998809523809524,0.00010620744895235054
source_selection,MLP r4/alpha16,sel_mlp_r4_alpha16_p025,3,0.9840846763225443,0.0013682888742679094,0.9999319727891156,0.00011782658554890463
