seed,dataset,pair_id,first,second,analysis_units,first_auc,second_auc,delta_first_minus_second,bootstrap_delta_ci_low,bootstrap_delta_ci_high,delong_z,delong_p_raw,holm_local_p,holm_local_reject,holm_primary_p,holm_primary_reject,holm_global_108_p,holm_global_108_reject
3407,Celeb-DF-v2,std_attn_out_r30_alpha120_p025__minus__std_attn_qv_r15_alpha60_p025,std_attn_out_r30_alpha120_p025,std_attn_qv_r15_alpha60_p025,518,0.9636483807005949,0.9758922670191672,-0.012243886318572317,-0.02224182088565754,-0.0024450594844679313,-2.4614631823471966,0.01383715989252259,0.07848353418447195,False,0.37360331709810995,False,1.0,False
3407,Celeb-DF-v2,std_attn_out_r30_alpha120_p025__minus__std_mlp_r6_alpha24_p025,std_attn_out_r30_alpha120_p025,std_mlp_r6_alpha24_p025,518,0.9636483807005949,0.9723066754791805,-0.008658294778585596,-0.020175148711169877,0.0009439028420357429,-1.590283379033912,0.11177094340967185,0.4470837736386874,False,1.0,False,1.0,False
3407,Celeb-DF-v2,std_attn_out_r30_alpha120_p025__minus__std_mlp_attn_out_r5_alpha20_p025,std_attn_out_r30_alpha120_p025,std_mlp_attn_out_r5_alpha20_p025,518,0.9636483807005949,0.9748512888301388,-0.011202908129543943,-0.02019538995373433,-0.002676801057501674,-2.481567617213515,0.013080589030745325,0.07848353418447195,False,0.3662564928608691,False,1.0,False
3407,Celeb-DF-v2,std_attn_qv_r15_alpha60_p025__minus__std_mlp_r6_alpha24_p025,std_attn_qv_r15_alpha60_p025,std_mlp_r6_alpha24_p025,518,0.9758922670191672,0.9723066754791805,0.003585591539986721,-0.005584930601454041,0.012576007931262366,0.7462957914135613,0.4554887532032499,1.0,False,1.0,False,1.0,False
3407,Celeb-DF-v2,std_attn_qv_r15_alpha60_p025__minus__std_mlp_attn_out_r5_alpha20_p025,std_attn_qv_r15_alpha60_p025,std_mlp_attn_out_r5_alpha20_p025,518,0.9758922670191672,0.9748512888301388,0.0010409781890283742,-0.007816011235954996,0.00978354263053529,0.2289071044566427,0.8189411186098703,1.0,False,1.0,False,1.0,False
3407,Celeb-DF-v2,std_mlp_r6_alpha24_p025__minus__std_mlp_attn_out_r5_alpha20_p025,std_mlp_r6_alpha24_p025,std_mlp_attn_out_r5_alpha20_p025,518,0.9723066754791805,0.9748512888301388,-0.002544613350958347,-0.008625660938532682,0.004082121612690069,-0.7757400121769963,0.43790250977432654,1.0,False,1.0,False,1.0,False
3407,DFDC,std_attn_out_r30_alpha120_p025__minus__std_attn_qv_r15_alpha60_p025,std_attn_out_r30_alpha120_p025,std_attn_qv_r15_alpha60_p025,4704,0.8632061816804342,0.8777293697625999,-0.014523188082165683,-0.018944591255638,-0.00999758160828929,-6.334945765207851,2.3742477458072377e-10,1.4245486474843427e-09,True,8.547291884906056e-09,True,2.5404450880137445e-08,True
3407,DFDC,std_attn_out_r30_alpha120_p025__minus__std_mlp_r6_alpha24_p025,std_attn_out_r30_alpha120_p025,std_mlp_r6_alpha24_p025,4704,0.8632061816804342,0.8707338440132826,-0.007527662332848406,-0.012279539863684052,-0.002583818744479539,-2.9975229292971752,0.002721833826718024,0.010887335306872095,True,0.08709868245497676,False,0.25857421353821225,False
3407,DFDC,std_attn_out_r30_alpha120_p025__minus__std_mlp_attn_out_r5_alpha20_p025,std_attn_out_r30_alpha120_p025,std_mlp_attn_out_r5_alpha20_p025,4704,0.8632061816804342,0.869852193323069,-0.006646011642634786,-0.011035076172558377,-0.0021718830095099565,-2.994091774490116,0.002752631337760424,0.010887335306872095,True,0.08709868245497676,False,0.25874734574947983,False
3407,DFDC,std_attn_qv_r15_alpha60_p025__minus__std_mlp_r6_alpha24_p025,std_attn_qv_r15_alpha60_p025,std_mlp_r6_alpha24_p025,4704,0.8777293697625999,0.8707338440132826,0.006995525749317277,0.0024101601382144904,0.011597937631711942,2.9599797227659503,0.003076592913924727,0.010887335306872095,True,0.0922977874177418,False,0.28612314099499964,False
3407,DFDC,std_attn_qv_r15_alpha60_p025__minus__std_mlp_attn_out_r5_alpha20_p025,std_attn_qv_r15_alpha60_p025,std_mlp_attn_out_r5_alpha20_p025,4704,0.8777293697625999,0.869852193323069,0.007877176439530897,0.003357609164393611,0.012190127175761544,3.4997184303707396,0.0004657498421863725,0.0023287492109318624,True,0.015835494634336665,True,0.045643484534264506,True
3407,DFDC,std_mlp_r6_alpha24_p025__minus__std_mlp_attn_out_r5_alpha20_p025,std_mlp_r6_alpha24_p025,std_mlp_attn_out_r5_alpha20_p025,4704,0.8707338440132826,0.869852193323069,0.0008816506902136201,-0.0032907304627852766,0.004638425577272363,0.4334282425566778,0.6647036863892433,0.6647036863892433,False,1.0,False,1.0,False
3407,DFDCP,std_attn_out_r30_alpha120_p025__minus__std_attn_qv_r15_alpha60_p025,std_attn_out_r30_alpha120_p025,std_attn_qv_r15_alpha60_p025,652,0.9068617350092726,0.922944570368844,-0.016082835359571446,-0.027922161549557047,-0.004748351535132893,-2.7252350312730282,0.006425572847483298,0.025702291389933192,True,0.18634161257701565,False,0.5847271291209801,False
3407,DFDCP,std_attn_out_r30_alpha120_p025__minus__std_mlp_r6_alpha24_p025,std_attn_out_r30_alpha120_p025,std_mlp_r6_alpha24_p025,652,0.9068617350092726,0.9278590562538637,-0.020997321244591083,-0.034422522151246714,-0.008778848135174148,-3.323739179473266,0.0008881922216737032,0.004440961108368516,True,0.029310343315232204,True,0.0861546455023492,False
3407,DFDCP,std_attn_out_r30_alpha120_p025__minus__std_mlp_attn_out_r5_alpha20_p025,std_attn_out_r30_alpha120_p025,std_mlp_attn_out_r5_alpha20_p025,652,0.9068617350092726,0.9325880898413353,-0.02572635483206276,-0.03821424891819492,-0.013774726973006373,-4.211066622749105,2.541677684642327e-05,0.00015250066107853964,True,0.0008895871896248145,True,0.0025670944614887502,True
3407,DFDCP,std_attn_qv_r15_alpha60_p025__minus__std_mlp_r6_alpha24_p025,std_attn_qv_r15_alpha60_p025,std_mlp_r6_alpha24_p025,652,0.922944570368844,0.9278590562538637,-0.004914485885019637,-0.016970688234082047,0.007120853080568768,-0.7907785577291886,0.4290732245744999,0.5578606126094183,False,1.0,False,1.0,False
3407,DFDCP,std_attn_qv_r15_alpha60_p025__minus__std_mlp_attn_out_r5_alpha20_p025,std_attn_qv_r15_alpha60_p025,std_mlp_attn_out_r5_alpha20_p025,652,0.922944570368844,0.9325880898413353,-0.009643519472491313,-0.019153358747166657,-5.099938182565603e-05,-1.9997855095659154,0.04552342995641193,0.1365702898692358,False,1.0,False,1.0,False
3407,DFDCP,std_mlp_r6_alpha24_p025__minus__std_mlp_attn_out_r5_alpha20_p025,std_mlp_r6_alpha24_p025,std_mlp_attn_out_r5_alpha20_p025,652,0.9278590562538637,0.9325880898413353,-0.004729033587471676,-0.013458685349268456,0.003729909334432328,-1.08272544518673,0.27893030630470916,0.5578606126094183,False,1.0,False,1.0,False
3407,UADFV,std_attn_out_r30_alpha120_p025__minus__std_attn_qv_r15_alpha60_p025,std_attn_out_r30_alpha120_p025,std_attn_qv_r15_alpha60_p025,98,0.9804248229904206,0.9845897542690546,-0.004164931278634043,-0.013327780091628494,0.0008329862557268086,-1.2578035914851338,0.2084627965208431,1.0,False,1.0,False,1.0,False
3407,UADFV,std_attn_out_r30_alpha120_p025__minus__std_mlp_r6_alpha24_p025,std_attn_out_r30_alpha120_p025,std_mlp_r6_alpha24_p025,98,0.9804248229904206,0.9887546855476884,-0.008329862557267864,-0.0287380258225739,0.002498958767180426,-1.000208398460121,0.3172096657189144,1.0,False,1.0,False,1.0,False
3407,UADFV,std_attn_out_r30_alpha120_p025__minus__std_mlp_attn_out_r5_alpha20_p025,std_attn_out_r30_alpha120_p025,std_mlp_attn_out_r5_alpha20_p025,98,0.9804248229904206,0.9816743023740108,-0.001249479383590213,-0.008746355685131268,0.006663890045814247,-0.4214636152117757,0.673416574633757,1.0,False,1.0,False,1.0,False
3407,UADFV,std_attn_qv_r15_alpha60_p025__minus__std_mlp_r6_alpha24_p025,std_attn_qv_r15_alpha60_p025,std_mlp_r6_alpha24_p025,98,0.9845897542690546,0.9887546855476884,-0.004164931278633821,-0.018742190753852528,0.005414410662224145,-0.6897235193910461,0.49036807244406566,1.0,False,1.0,False,1.0,False
3407,UADFV,std_attn_qv_r15_alpha60_p025__minus__std_mlp_attn_out_r5_alpha20_p025,std_attn_qv_r15_alpha60_p025,std_mlp_attn_out_r5_alpha20_p025,98,0.9845897542690546,0.9816743023740108,0.00291545189504383,-0.002915451895043719,0.012078300708038392,0.8280786712108487,0.4076259477027676,1.0,False,1.0,False,1.0,False
3407,UADFV,std_mlp_r6_alpha24_p025__minus__std_mlp_attn_out_r5_alpha20_p025,std_mlp_r6_alpha24_p025,std_mlp_attn_out_r5_alpha20_p025,98,0.9887546855476884,0.9816743023740108,0.007080383173677651,-0.002498958767180315,0.02498958767180348,0.9776332879991642,0.32825572738853026,1.0,False,1.0,False,1.0,False
3407,DeeperForensics-1.0,std_attn_out_r30_alpha120_p025__minus__std_attn_qv_r15_alpha60_p025,std_attn_out_r30_alpha120_p025,std_attn_qv_r15_alpha60_p025,40870,0.9876102044059375,0.988292205891294,-0.0006820014853564649,-0.0023459933605473296,0.00034596130953581933,-1.0018272401684971,0.31642703850104137,1.0,False,1.0,False,1.0,False
3407,DeeperForensics-1.0,std_attn_out_r30_alpha120_p025__minus__std_mlp_r6_alpha24_p025,std_attn_out_r30_alpha120_p025,std_mlp_r6_alpha24_p025,40870,0.9876102044059375,0.9852559230452766,0.002354281360660848,-0.00026340243017617646,0.007475357114939187,1.0417183522433746,0.2975422778189264,1.0,False,1.0,False,1.0,False
3407,DeeperForensics-1.0,std_attn_out_r30_alpha120_p025__minus__std_mlp_attn_out_r5_alpha20_p025,std_attn_out_r30_alpha120_p025,std_mlp_attn_out_r5_alpha20_p025,40870,0.9876102044059375,0.985131021966075,0.0024791824398624485,-0.0009790360694988311,0.00804248263709846,1.0300513571478336,0.30298589775538765,1.0,False,1.0,False,1.0,False
3407,DeeperForensics-1.0,std_attn_qv_r15_alpha60_p025__minus__std_mlp_r6_alpha24_p025,std_attn_qv_r15_alpha60_p025,std_mlp_r6_alpha24_p025,40870,0.988292205891294,0.9852559230452766,0.003036282846017313,-0.0003441293862635278,0.009805245453863649,1.0525795559541689,0.29253373106961167,1.0,False,1.0,False,1.0,False
3407,DeeperForensics-1.0,std_attn_qv_r15_alpha60_p025__minus__std_mlp_attn_out_r5_alpha20_p025,std_attn_qv_r15_alpha60_p025,std_mlp_attn_out_r5_alpha20_p025,40870,0.988292205891294,0.985131021966075,0.0031611839252189133,-0.0006842340462726245,0.010140909458461416,1.0678061562483137,0.2856079605178242,1.0,False,1.0,False,1.0,False
3407,DeeperForensics-1.0,std_mlp_r6_alpha24_p025__minus__std_mlp_attn_out_r5_alpha20_p025,std_mlp_r6_alpha24_p025,std_mlp_attn_out_r5_alpha20_p025,40870,0.9852559230452766,0.985131021966075,0.00012490107920160032,-0.002050023065718342,0.0016629275858774568,0.12524065650367866,0.9003330313797006,1.0,False,1.0,False,1.0,False
3407,WildDeepfake,std_attn_out_r30_alpha120_p025__minus__std_attn_qv_r15_alpha60_p025,std_attn_out_r30_alpha120_p025,std_attn_qv_r15_alpha60_p025,157,0.9219461697722569,0.9026915113871636,0.019254658385093215,-0.002282608695652207,0.04347826086956519,1.675687576669634,0.0937994045069767,0.4689970225348835,False,1.0,False,1.0,False
3407,WildDeepfake,std_attn_out_r30_alpha120_p025__minus__std_mlp_r6_alpha24_p025,std_attn_out_r30_alpha120_p025,std_mlp_r6_alpha24_p025,157,0.9219461697722569,0.8966873706004139,0.025258799171842927,-0.0026915113871635032,0.054249482401656356,1.7739673589786527,0.07606854961132388,0.4564112976679433,False,1.0,False,1.0,False
3407,WildDeepfake,std_attn_out_r30_alpha120_p025__minus__std_mlp_attn_out_r5_alpha20_p025,std_attn_out_r30_alpha120_p025,std_mlp_attn_out_r5_alpha20_p025,157,0.9219461697722569,0.9024844720496894,0.01946169772256745,-0.004761904761904745,0.045755693581780554,1.533516264867325,0.1251487022572974,0.5005948090291896,False,1.0,False,1.0,False
3407,WildDeepfake,std_attn_qv_r15_alpha60_p025__minus__std_mlp_r6_alpha24_p025,std_attn_qv_r15_alpha60_p025,std_mlp_r6_alpha24_p025,157,0.9026915113871636,0.8966873706004139,0.006004140786749712,-0.02070910973084882,0.033333333333333326,0.4336205021229144,0.664564044205303,1.0,False,1.0,False,1.0,False
3407,WildDeepfake,std_attn_qv_r15_alpha60_p025__minus__std_mlp_attn_out_r5_alpha20_p025,std_attn_qv_r15_alpha60_p025,std_mlp_attn_out_r5_alpha20_p025,157,0.9026915113871636,0.9024844720496894,0.0002070393374742352,-0.0213302277432713,0.02236542443064179,0.018859597801273945,0.9849531100874408,1.0,False,1.0,False,1.0,False
3407,WildDeepfake,std_mlp_r6_alpha24_p025__minus__std_mlp_attn_out_r5_alpha20_p025,std_mlp_r6_alpha24_p025,std_mlp_attn_out_r5_alpha20_p025,157,0.8966873706004139,0.9024844720496894,-0.005797101449275477,-0.025258799171842705,0.013250517598343725,-0.6199912193166909,0.5352635678739217,1.0,False,1.0,False,1.0,False
7859,Celeb-DF-v2,std_attn_out_r30_alpha120_p025__minus__std_attn_qv_r15_alpha60_p025,std_attn_out_r30_alpha120_p025,std_attn_qv_r15_alpha60_p025,518,0.9678783873099803,0.9754130865829478,-0.00753469927296746,-0.017747025776602823,0.001323942498347688,-1.6397136152304363,0.1010647266816976,0.6063883600901856,False,1.0,False,1.0,False
7859,Celeb-DF-v2,std_attn_out_r30_alpha120_p025__minus__std_mlp_r6_alpha24_p025,std_attn_out_r30_alpha120_p025,std_mlp_r6_alpha24_p025,518,0.9678783873099803,0.9706543291473892,-0.002775941837408924,-0.011120290812954403,0.0056514375413087075,-0.6660483255357027,0.5053802121882833,1.0,False,1.0,False,1.0,False
7859,Celeb-DF-v2,std_attn_out_r30_alpha120_p025__minus__std_mlp_attn_out_r5_alpha20_p025,std_attn_out_r30_alpha120_p025,std_mlp_attn_out_r5_alpha20_p025,518,0.9678783873099803,0.9726040978189028,-0.004725710508922454,-0.013386070720423006,0.0032555353602115094,-1.1371981417900288,0.2554554636082277,1.0,False,1.0,False,1.0,False
7859,Celeb-DF-v2,std_attn_qv_r15_alpha60_p025__minus__std_mlp_r6_alpha24_p025,std_attn_qv_r15_alpha60_p025,std_mlp_r6_alpha24_p025,518,0.9754130865829478,0.9706543291473892,0.004758757435558536,-0.0033381526768011586,0.014044943820224701,1.0669918514591195,0.2859755155534739,1.0,False,1.0,False,1.0,False
7859,Celeb-DF-v2,std_attn_qv_r15_alpha60_p025__minus__std_mlp_attn_out_r5_alpha20_p025,std_attn_qv_r15_alpha60_p025,std_mlp_attn_out_r5_alpha20_p025,518,0.9754130865829478,0.9726040978189028,0.002808988764045006,-0.005717944481163158,0.011702329808327798,0.6393426269303526,0.5226000636264825,1.0,False,1.0,False,1.0,False
7859,Celeb-DF-v2,std_mlp_r6_alpha24_p025__minus__std_mlp_attn_out_r5_alpha20_p025,std_mlp_r6_alpha24_p025,std_mlp_attn_out_r5_alpha20_p025,518,0.9706543291473892,0.9726040978189028,-0.0019497686715135298,-0.008361285525446134,0.004296513549239884,-0.6038692371272647,0.5459305828201999,1.0,False,1.0,False,1.0,False
7859,DFDC,std_attn_out_r30_alpha120_p025__minus__std_attn_qv_r15_alpha60_p025,std_attn_out_r30_alpha120_p025,std_attn_qv_r15_alpha60_p025,4704,0.8746815633568903,0.8872512333797724,-0.012569670022882118,-0.016934577757847995,-0.008313422661641227,-5.831026430763255,5.508745722171726e-09,3.3052474333030355e-08,True,1.9831484599818214e-07,True,5.784183008280312e-07,True
7859,DFDC,std_attn_out_r30_alpha120_p025__minus__std_mlp_r6_alpha24_p025,std_attn_out_r30_alpha120_p025,std_mlp_r6_alpha24_p025,4704,0.8746815633568903,0.8746689063535444,1.2657003345850626e-05,-0.004748333569898718,0.004502846469645327,0.005562456083259371,0.9955618250579028,1.0,False,1.0,False,1.0,False
7859,DFDC,std_attn_out_r30_alpha120_p025__minus__std_mlp_attn_out_r5_alpha20_p025,std_attn_out_r30_alpha120_p025,std_mlp_attn_out_r5_alpha20_p025,4704,0.8746815633568903,0.8754035549906112,-0.0007219916337208865,-0.0051116438102281414,0.0035352004824125757,-0.3289539394191016,0.7421905032043806,1.0,False,1.0,False,1.0,False
7859,DFDC,std_attn_qv_r15_alpha60_p025__minus__std_mlp_r6_alpha24_p025,std_attn_qv_r15_alpha60_p025,std_mlp_r6_alpha24_p025,4704,0.8872512333797724,0.8746689063535444,0.012582327026227969,0.00804283853189613,0.017201577243431267,5.373604417062487,7.717807818602799e-08,3.8589039093013996e-07,True,2.7012327365109796e-06,True,8.026520131346912e-06,True
7859,DFDC,std_attn_qv_r15_alpha60_p025__minus__std_mlp_attn_out_r5_alpha20_p025,std_attn_qv_r15_alpha60_p025,std_mlp_attn_out_r5_alpha20_p025,4704,0.8872512333797724,0.8754035549906112,0.011847678389161231,0.007133636257613447,0.016562629112735008,4.937443724396957,7.91532366846933e-07,3.166129467387732e-06,True,2.6912100472795725e-05,True,8.073630141838716e-05,True
7859,DFDC,std_mlp_r6_alpha24_p025__minus__std_mlp_attn_out_r5_alpha20_p025,std_mlp_r6_alpha24_p025,std_mlp_attn_out_r5_alpha20_p025,4704,0.8746689063535444,0.8754035549906112,-0.0007346486370667371,-0.004765425044774121,0.0034309655395001765,-0.36086166323131424,0.7182028635339006,1.0,False,1.0,False,1.0,False
7859,DFDCP,std_attn_out_r30_alpha120_p025__minus__std_attn_qv_r15_alpha60_p025,std_attn_out_r30_alpha120_p025,std_attn_qv_r15_alpha60_p025,652,0.9153513290747991,0.9263445291572222,-0.010993200082423105,-0.020719915516175587,-0.001195137028642046,-2.1723719615148913,0.029827618120705692,0.17896570872423415,False,0.9843113979832878,False,1.0,False
7859,DFDCP,std_attn_out_r30_alpha120_p025__minus__std_mlp_r6_alpha24_p025,std_attn_out_r30_alpha120_p025,std_mlp_r6_alpha24_p025,652,0.9153513290747991,0.920430661446528,-0.005079332371728862,-0.017547908510199817,0.0063981042654027735,-0.8194288333880912,0.4125417899181003,0.8814231936276183,False,1.0,False,1.0,False
7859,DFDCP,std_attn_out_r30_alpha120_p025__minus__std_mlp_attn_out_r5_alpha20_p025,std_attn_out_r30_alpha120_p025,std_mlp_attn_out_r5_alpha20_p025,652,0.9153513290747991,0.9131259015042242,0.002225427570574867,-0.009262311971976134,0.013901195137028645,0.3630188405525036,0.716590810283572,0.8814231936276183,False,1.0,False,1.0,False
7859,DFDCP,std_attn_qv_r15_alpha60_p025__minus__std_mlp_r6_alpha24_p025,std_attn_qv_r15_alpha60_p025,std_mlp_r6_alpha24_p025,652,0.9263445291572222,0.920430661446528,0.005913867710694243,-0.0043285081392952845,0.01672264578611165,1.0498050973252704,0.2938077312092061,0.8814231936276183,False,1.0,False,1.0,False
7859,DFDCP,std_attn_qv_r15_alpha60_p025__minus__std_mlp_attn_out_r5_alpha20_p025,std_attn_qv_r15_alpha60_p025,std_mlp_attn_out_r5_alpha20_p025,652,0.9263445291572222,0.9131259015042242,0.013218627652997972,0.0017491757675664728,0.02544199464248916,2.076516284021917,0.03784622664178852,0.1892311332089426,False,1.0,False,1.0,False
7859,DFDCP,std_mlp_r6_alpha24_p025__minus__std_mlp_attn_out_r5_alpha20_p025,std_mlp_r6_alpha24_p025,std_mlp_attn_out_r5_alpha20_p025,652,0.920430661446528,0.9131259015042242,0.007304759942303729,-0.0021432618998557386,0.017453636925613046,1.4497283958129232,0.1471342739857934,0.5885370959431736,False,1.0,False,1.0,False
7859,UADFV,std_attn_out_r30_alpha120_p025__minus__std_attn_qv_r15_alpha60_p025,std_attn_out_r30_alpha120_p025,std_attn_qv_r15_alpha60_p025,98,0.9875052061640982,0.9816743023740108,0.005830903790087438,-0.005414410662224145,0.02582257392753018,0.7650920556760032,0.4442167301386083,1.0,False,1.0,False,1.0,False
7859,UADFV,std_attn_out_r30_alpha120_p025__minus__std_mlp_r6_alpha24_p025,std_attn_out_r30_alpha120_p025,std_mlp_r6_alpha24_p025,98,0.9875052061640982,0.9783423573511038,0.00916284881299445,-0.0033319450229071235,0.02998750520616411,1.1079339784110651,0.26789032989451955,1.0,False,1.0,False,1.0,False
7859,UADFV,std_attn_out_r30_alpha120_p025__minus__std_mlp_attn_out_r5_alpha20_p025,std_attn_out_r30_alpha120_p025,std_mlp_attn_out_r5_alpha20_p025,98,0.9875052061640982,0.9791753436068306,0.008329862557267642,-0.0033319450229071235,0.02665556018325688,1.1285155559594215,0.2591022509820876,1.0,False,1.0,False,1.0,False
7859,UADFV,std_attn_qv_r15_alpha60_p025__minus__std_mlp_r6_alpha24_p025,std_attn_qv_r15_alpha60_p025,std_mlp_r6_alpha24_p025,98,0.9816743023740108,0.9783423573511038,0.0033319450229070124,-0.0016659725114536172,0.011672219908371513,1.0105823052797898,0.3122163883433351,1.0,False,1.0,False,1.0,False
7859,UADFV,std_attn_qv_r15_alpha60_p025__minus__std_mlp_attn_out_r5_alpha20_p025,std_attn_qv_r15_alpha60_p025,std_mlp_attn_out_r5_alpha20_p025,98,0.9816743023740108,0.9791753436068306,0.002498958767180204,-0.0033319450229071235,0.010412328196584775,0.763284240697422,0.44529389854233137,1.0,False,1.0,False,1.0,False
7859,UADFV,std_mlp_r6_alpha24_p025__minus__std_mlp_attn_out_r5_alpha20_p025,std_mlp_r6_alpha24_p025,std_mlp_attn_out_r5_alpha20_p025,98,0.9783423573511038,0.9791753436068306,-0.0008329862557268086,-0.004997917534360741,0.002498958767180315,-0.5321520841902264,0.5946206663297497,1.0,False,1.0,False,1.0,False
7859,DeeperForensics-1.0,std_attn_out_r30_alpha120_p025__minus__std_attn_qv_r15_alpha60_p025,std_attn_out_r30_alpha120_p025,std_attn_qv_r15_alpha60_p025,40870,0.9876322241848369,0.9848221334009585,0.002810090783878394,-0.001302053992742569,0.0076069283521657555,1.236058996193836,0.21643663494802745,0.864642165514077,False,1.0,False,1.0,False
7859,DeeperForensics-1.0,std_attn_out_r30_alpha120_p025__minus__std_mlp_r6_alpha24_p025,std_attn_out_r30_alpha120_p025,std_mlp_r6_alpha24_p025,40870,0.9876322241848369,0.9835027816485694,0.004129442536267458,-8.856538571497776e-05,0.01010772687498112,1.5716170125374127,0.11603939858348593,0.5801969929174297,False,1.0,False,1.0,False
7859,DeeperForensics-1.0,std_attn_out_r30_alpha120_p025__minus__std_mlp_attn_out_r5_alpha20_p025,std_attn_out_r30_alpha120_p025,std_mlp_attn_out_r5_alpha20_p025,40870,0.9876322241848369,0.98292892174403,0.004703302440806856,0.0006117492157594218,0.010641703454988884,1.7256784149408766,0.08440528338437321,0.5064317003062393,False,1.0,False,1.0,False
7859,DeeperForensics-1.0,std_attn_qv_r15_alpha60_p025__minus__std_mlp_r6_alpha24_p025,std_attn_qv_r15_alpha60_p025,std_mlp_r6_alpha24_p025,40870,0.9848221334009585,0.9835027816485694,0.001319351752389064,-0.0009322532142455344,0.003456542559522768,1.181540044018676,0.23738825544798936,0.864642165514077,False,1.0,False,1.0,False
7859,DeeperForensics-1.0,std_attn_qv_r15_alpha60_p025__minus__std_mlp_attn_out_r5_alpha20_p025,std_attn_qv_r15_alpha60_p025,std_mlp_attn_out_r5_alpha20_p025,40870,0.9848221334009585,0.98292892174403,0.0018932116569284618,-0.0011354346074344567,0.004812997639357321,1.236802156259883,0.21616054137851926,0.864642165514077,False,1.0,False,1.0,False
7859,DeeperForensics-1.0,std_mlp_r6_alpha24_p025__minus__std_mlp_attn_out_r5_alpha20_p025,std_mlp_r6_alpha24_p025,std_mlp_attn_out_r5_alpha20_p025,40870,0.9835027816485694,0.98292892174403,0.0005738599045393977,-0.00048298550034261696,0.00211222894110915,0.8173980975527836,0.4137009625452859,0.864642165514077,False,1.0,False,1.0,False
7859,WildDeepfake,std_attn_out_r30_alpha120_p025__minus__std_attn_qv_r15_alpha60_p025,std_attn_out_r30_alpha120_p025,std_attn_qv_r15_alpha60_p025,157,0.9122153209109731,0.9078674948240164,0.004347826086956719,-0.029197722567287795,0.03706004140786756,0.2604600832686449,0.7945089019042714,1.0,False,1.0,False,1.0,False
7859,WildDeepfake,std_attn_out_r30_alpha120_p025__minus__std_mlp_r6_alpha24_p025,std_attn_out_r30_alpha120_p025,std_mlp_r6_alpha24_p025,157,0.9122153209109731,0.9047619047619047,0.00745341614906847,-0.021537267080745423,0.03643892339544508,0.5247269886495929,0.5997729928896837,1.0,False,1.0,False,1.0,False
7859,WildDeepfake,std_attn_out_r30_alpha120_p025__minus__std_mlp_attn_out_r5_alpha20_p025,std_attn_out_r30_alpha120_p025,std_mlp_attn_out_r5_alpha20_p025,157,0.9122153209109731,0.9132505175983439,-0.001035196687370732,-0.030025879917184296,0.025672877846790843,-0.07612890408663876,0.9393165447255358,1.0,False,1.0,False,1.0,False
7859,WildDeepfake,std_attn_qv_r15_alpha60_p025__minus__std_mlp_r6_alpha24_p025,std_attn_qv_r15_alpha60_p025,std_mlp_r6_alpha24_p025,157,0.9078674948240164,0.9047619047619047,0.0031055900621117516,-0.020289855072463836,0.02587991718426497,0.26877284105740784,0.7881044942366991,1.0,False,1.0,False,1.0,False
7859,WildDeepfake,std_attn_qv_r15_alpha60_p025__minus__std_mlp_attn_out_r5_alpha20_p025,std_attn_qv_r15_alpha60_p025,std_mlp_attn_out_r5_alpha20_p025,157,0.9078674948240164,0.9132505175983439,-0.005383022774327451,-0.030227743271221467,0.018845755693581788,-0.4450452491427224,0.6562870542976356,1.0,False,1.0,False,1.0,False
7859,WildDeepfake,std_mlp_r6_alpha24_p025__minus__std_mlp_attn_out_r5_alpha20_p025,std_mlp_r6_alpha24_p025,std_mlp_attn_out_r5_alpha20_p025,157,0.9047619047619047,0.9132505175983439,-0.008488612836439202,-0.0244306418219461,0.005590062111801242,-1.1265412721873442,0.2599364812740237,1.0,False,1.0,False,1.0,False
12011,Celeb-DF-v2,std_attn_out_r30_alpha120_p025__minus__std_attn_qv_r15_alpha60_p025,std_attn_out_r30_alpha120_p025,std_attn_qv_r15_alpha60_p025,518,0.9567580964970259,0.9769332452081956,-0.020175148711169655,-0.031180601454064774,-0.011252065432914678,-4.139284470136376,3.483907330662559e-05,0.00020903443983975354,True,0.0011496894191186445,True,0.003483907330662559,True
12011,Celeb-DF-v2,std_attn_out_r30_alpha120_p025__minus__std_mlp_r6_alpha24_p025,std_attn_out_r30_alpha120_p025,std_mlp_r6_alpha24_p025,518,0.9567580964970259,0.974256444150694,-0.01749834765366809,-0.027925066093853264,-0.008823529411764675,-3.619664988318143,0.0002949846779455924,0.0014749233897279619,True,0.009439509694258956,True,0.029203483116613645,True
12011,Celeb-DF-v2,std_attn_out_r30_alpha120_p025__minus__std_mlp_attn_out_r5_alpha20_p025,std_attn_out_r30_alpha120_p025,std_mlp_attn_out_r5_alpha20_p025,518,0.9567580964970259,0.9677627230667549,-0.011004626569729004,-0.02004543952412423,-0.0026268175809650487,-2.5152500817228787,0.011894797643697701,0.047579190574790806,True,0.32115953637983796,False,1.0,False
12011,Celeb-DF-v2,std_attn_qv_r15_alpha60_p025__minus__std_mlp_r6_alpha24_p025,std_attn_qv_r15_alpha60_p025,std_mlp_r6_alpha24_p025,518,0.9769332452081956,0.974256444150694,0.0026768010575015655,-0.003884666226041028,0.008873099801718465,0.8154833188817503,0.41479570914518604,0.41479570914518604,False,1.0,False,1.0,False
12011,Celeb-DF-v2,std_attn_qv_r15_alpha60_p025__minus__std_mlp_attn_out_r5_alpha20_p025,std_attn_qv_r15_alpha60_p025,std_mlp_attn_out_r5_alpha20_p025,518,0.9769332452081956,0.9677627230667549,0.009170522141440651,0.0008588070059485288,0.018126239259748878,2.0034717257710057,0.04512667947202584,0.1353800384160775,False,1.0,False,1.0,False
12011,Celeb-DF-v2,std_mlp_r6_alpha24_p025__minus__std_mlp_attn_out_r5_alpha20_p025,std_mlp_r6_alpha24_p025,std_mlp_attn_out_r5_alpha20_p025,518,0.974256444150694,0.9677627230667549,0.006493721083939086,-6.65069398546651e-05,0.013516606080634545,1.8894517664270456,0.05883132003085479,0.1353800384160775,False,1.0,False,1.0,False
12011,DFDC,std_attn_out_r30_alpha120_p025__minus__std_attn_qv_r15_alpha60_p025,std_attn_out_r30_alpha120_p025,std_attn_qv_r15_alpha60_p025,4704,0.865103828110662,0.8769994222982045,-0.011895594187542491,-0.016559094192514896,-0.007363175533650951,-5.109278694898012,3.2339103487181144e-07,1.2935641394872458e-06,True,1.099529518564159e-05,True,3.330927659179658e-05,True
12011,DFDC,std_attn_out_r30_alpha120_p025__minus__std_mlp_r6_alpha24_p025,std_attn_out_r30_alpha120_p025,std_mlp_r6_alpha24_p025,4704,0.865103828110662,0.8702776494498272,-0.005173821339165219,-0.010808750871299042,0.0001811307585975715,-1.8883364285433728,0.058980799790603965,0.058980799790603965,False,1.0,False,1.0,False
12011,DFDC,std_attn_out_r30_alpha120_p025__minus__std_mlp_attn_out_r5_alpha20_p025,std_attn_out_r30_alpha120_p025,std_mlp_attn_out_r5_alpha20_p025,4704,0.865103828110662,0.8831930364783878,-0.018089208367725762,-0.02248143714848569,-0.013584314175753353,-7.935883518128302,2.0900209605875967e-15,1.2540125763525579e-14,True,7.524075458115348e-14,True,2.2572226374346043e-13,True
12011,DFDC,std_attn_qv_r15_alpha60_p025__minus__std_mlp_r6_alpha24_p025,std_attn_qv_r15_alpha60_p025,std_mlp_r6_alpha24_p025,4704,0.8769994222982045,0.8702776494498272,0.006721772848377272,0.0016653045320208701,0.011543720453807886,2.6968164807657136,0.007000583962802166,0.01832982755470263,True,0.2030169349212628,False,0.630052556652195,False
12011,DFDC,std_attn_qv_r15_alpha60_p025__minus__std_mlp_attn_out_r5_alpha20_p025,std_attn_qv_r15_alpha60_p025,std_mlp_attn_out_r5_alpha20_p025,4704,0.8769994222982045,0.8831930364783878,-0.006193614180183271,-0.010818406356708712,-0.0018444824958164107,-2.7418220893937435,0.006109942518234211,0.01832982755470263,True,0.18329827554702632,False,0.5621147116775475,False
12011,DFDC,std_mlp_r6_alpha24_p025__minus__std_mlp_attn_out_r5_alpha20_p025,std_mlp_r6_alpha24_p025,std_mlp_attn_out_r5_alpha20_p025,4704,0.8702776494498272,0.8831930364783878,-0.012915387028560543,-0.017016097900112746,-0.008854979671948565,-6.2102416311631154,5.290319107186152e-10,2.645159553593076e-09,True,1.8516116875151532e-08,True,5.6077382536173215e-08,True
12011,DFDCP,std_attn_out_r30_alpha120_p025__minus__std_attn_qv_r15_alpha60_p025,std_attn_out_r30_alpha120_p025,std_attn_qv_r15_alpha60_p025,652,0.904770245209149,0.9222439728003297,-0.01747372759118071,-0.029251236348650324,-0.0062623634865031684,-3.0153593592628827,0.0025667494558085703,0.015400496734851422,True,0.07956923313006568,False,0.24640794775762276,False
12011,DFDCP,std_attn_out_r30_alpha120_p025__minus__std_mlp_r6_alpha24_p025,std_attn_out_r30_alpha120_p025,std_mlp_r6_alpha24_p025,652,0.904770245209149,0.9194621883371111,-0.014691943127962181,-0.02740650113331956,-0.002224139707397567,-2.2599820938516046,0.02382236218434731,0.09528944873738925,False,0.61938141679303,False,1.0,False
12011,DFDCP,std_attn_out_r30_alpha120_p025__minus__std_mlp_attn_out_r5_alpha20_p025,std_attn_out_r30_alpha120_p025,std_mlp_attn_out_r5_alpha20_p025,652,0.904770245209149,0.9196167319184009,-0.014846486709251927,-0.026695085514114966,-0.0036057593241293944,-2.545618820765201,0.010908423205552327,0.054542116027761635,False,0.30543584975546517,False,0.9708496652941572,False
12011,DFDCP,std_attn_qv_r15_alpha60_p025__minus__std_mlp_r6_alpha24_p025,std_attn_qv_r15_alpha60_p025,std_mlp_r6_alpha24_p025,652,0.9222439728003297,0.9194621883371111,0.0027817844632185285,-0.006573511230166847,0.012098186688646208,0.5898645664257203,0.555281451377907,1.0,False,1.0,False,1.0,False
12011,DFDCP,std_attn_qv_r15_alpha60_p025__minus__std_mlp_attn_out_r5_alpha20_p025,std_attn_qv_r15_alpha60_p025,std_mlp_attn_out_r5_alpha20_p025,652,0.9222439728003297,0.9196167319184009,0.002627240881928783,-0.008347671543375153,0.013929528126931712,0.4723959238379423,0.6366442132935375,1.0,False,1.0,False,1.0,False
12011,DFDCP,std_mlp_r6_alpha24_p025__minus__std_mlp_attn_out_r5_alpha20_p025,std_mlp_r6_alpha24_p025,std_mlp_attn_out_r5_alpha20_p025,652,0.9194621883371111,0.9196167319184009,-0.00015454358128974555,-0.01003606016896768,0.009016587677725077,-0.0320512332288946,0.9744311936540812,1.0,False,1.0,False,1.0,False
12011,UADFV,std_attn_out_r30_alpha120_p025__minus__std_attn_qv_r15_alpha60_p025,std_attn_out_r30_alpha120_p025,std_attn_qv_r15_alpha60_p025,98,0.9862557267805082,0.985006247396918,0.001249479383590213,-0.007913369429404349,0.012494793835901685,0.2628227377786197,0.7926872092546737,1.0,False,1.0,False,1.0,False
12011,UADFV,std_attn_out_r30_alpha120_p025__minus__std_mlp_r6_alpha24_p025,std_attn_out_r30_alpha120_p025,std_mlp_r6_alpha24_p025,98,0.9862557267805082,0.982923781757601,0.0033319450229072345,-0.002498958767180315,0.013327780091628494,0.8568696641934296,0.39151691977559855,1.0,False,1.0,False,1.0,False
12011,UADFV,std_attn_out_r30_alpha120_p025__minus__std_mlp_attn_out_r5_alpha20_p025,std_attn_out_r30_alpha120_p025,std_mlp_attn_out_r5_alpha20_p025,98,0.9862557267805082,0.9866722199083714,-0.00041649312786318227,-0.005414410662224145,0.004581424406497336,-0.2022025229976226,0.8397584008033185,1.0,False,1.0,False,1.0,False
12011,UADFV,std_attn_qv_r15_alpha60_p025__minus__std_mlp_r6_alpha24_p025,std_attn_qv_r15_alpha60_p025,std_mlp_r6_alpha24_p025,98,0.985006247396918,0.982923781757601,0.0020824656393170216,-0.0033319450229071235,0.010006247396917895,0.6674086442660188,0.5045111458334545,1.0,False,1.0,False,1.0,False
12011,UADFV,std_attn_qv_r15_alpha60_p025__minus__std_mlp_attn_out_r5_alpha20_p025,std_attn_qv_r15_alpha60_p025,std_mlp_attn_out_r5_alpha20_p025,98,0.985006247396918,0.9866722199083714,-0.0016659725114533952,-0.012078300708038281,0.0074968763015410556,-0.3785988194242038,0.7049857989749531,1.0,False,1.0,False,1.0,False
12011,UADFV,std_mlp_r6_alpha24_p025__minus__std_mlp_attn_out_r5_alpha20_p025,std_mlp_r6_alpha24_p025,std_mlp_attn_out_r5_alpha20_p025,98,0.982923781757601,0.9866722199083714,-0.0037484381507704168,-0.01291128696376509,0.0008329862557268086,-1.1249999999999718,0.2605890342736298,1.0,False,1.0,False,1.0,False
12011,DeeperForensics-1.0,std_attn_out_r30_alpha120_p025__minus__std_attn_qv_r15_alpha60_p025,std_attn_out_r30_alpha120_p025,std_attn_qv_r15_alpha60_p025,40870,0.9897172525824001,0.9873004595160859,0.002416793066314149,-0.00016797421337083894,0.006684886810384923,1.3084043430897492,0.190736200325349,0.4502922063173526,False,1.0,False,1.0,False
12011,DeeperForensics-1.0,std_attn_out_r30_alpha120_p025__minus__std_mlp_r6_alpha24_p025,std_attn_out_r30_alpha120_p025,std_mlp_r6_alpha24_p025,40870,0.9897172525824001,0.9849673416095895,0.004749910972810523,0.0004126200735484503,0.011676847144444481,1.5719043548799978,0.11597273444428363,0.4502922063173526,False,1.0,False,1.0,False
12011,DeeperForensics-1.0,std_attn_out_r30_alpha120_p025__minus__std_mlp_attn_out_r5_alpha20_p025,std_attn_out_r30_alpha120_p025,std_mlp_attn_out_r5_alpha20_p025,40870,0.9897172525824001,0.9849475238085801,0.004769728773819981,0.0004876708199639621,0.011587260285652793,1.5867333415837348,0.11257305157933815,0.4502922063173526,False,1.0,False,1.0,False
12011,DeeperForensics-1.0,std_attn_qv_r15_alpha60_p025__minus__std_mlp_r6_alpha24_p025,std_attn_qv_r15_alpha60_p025,std_mlp_r6_alpha24_p025,40870,0.9873004595160859,0.9849673416095895,0.0023331179064963736,0.0004324990406105179,0.005076681433375124,1.8817605761866183,0.059868530821914054,0.34445106140476234,False,1.0,False,1.0,False
12011,DeeperForensics-1.0,std_attn_qv_r15_alpha60_p025__minus__std_mlp_attn_out_r5_alpha20_p025,std_attn_qv_r15_alpha60_p025,std_mlp_attn_out_r5_alpha20_p025,40870,0.9873004595160859,0.9849475238085801,0.002352935707505832,0.00042911349960460536,0.005163763542316965,1.9001875598383844,0.057408510234127054,0.34445106140476234,False,1.0,False,1.0,False
12011,DeeperForensics-1.0,std_mlp_r6_alpha24_p025__minus__std_mlp_attn_out_r5_alpha20_p025,std_mlp_r6_alpha24_p025,std_mlp_attn_out_r5_alpha20_p025,40870,0.9849673416095895,0.9849475238085801,1.9817801009458513e-05,-0.001318256880049301,0.0012509742223011592,0.029767758233445456,0.9762522725680567,0.9762522725680567,False,1.0,False,1.0,False
12011,WildDeepfake,std_attn_out_r30_alpha120_p025__minus__std_attn_qv_r15_alpha60_p025,std_attn_out_r30_alpha120_p025,std_attn_qv_r15_alpha60_p025,157,0.9217391304347826,0.9140786749482404,0.007660455486542261,-0.014912008281573451,0.031889233954451396,0.6489904225633356,0.5163445667341926,1.0,False,1.0,False,1.0,False
12011,WildDeepfake,std_attn_out_r30_alpha120_p025__minus__std_mlp_r6_alpha24_p025,std_attn_out_r30_alpha120_p025,std_mlp_r6_alpha24_p025,157,0.9217391304347826,0.9146997929606626,0.00703933747412,-0.012215320910973104,0.02899068322981365,0.6686161117681005,0.5037403921722821,1.0,False,1.0,False,1.0,False
12011,WildDeepfake,std_attn_out_r30_alpha120_p025__minus__std_mlp_attn_out_r5_alpha20_p025,std_attn_out_r30_alpha120_p025,std_mlp_attn_out_r5_alpha20_p025,157,0.9217391304347826,0.9211180124223604,0.0006211180124222615,-0.017184265010351973,0.01925983436853004,0.06986742881573131,0.9442991777941615,1.0,False,1.0,False,1.0,False
12011,WildDeepfake,std_attn_qv_r15_alpha60_p025__minus__std_mlp_r6_alpha24_p025,std_attn_qv_r15_alpha60_p025,std_mlp_r6_alpha24_p025,157,0.9140786749482404,0.9146997929606626,-0.0006211180124222615,-0.025465838509316722,0.023193581780538288,-0.05068864194200497,0.9595736274326122,1.0,False,1.0,False,1.0,False
12011,WildDeepfake,std_attn_qv_r15_alpha60_p025__minus__std_mlp_attn_out_r5_alpha20_p025,std_attn_qv_r15_alpha60_p025,std_mlp_attn_out_r5_alpha20_p025,157,0.9140786749482404,0.9211180124223604,-0.00703933747412,-0.03436853002070395,0.01739648033126292,-0.5362761102234391,0.5917677388046385,1.0,False,1.0,False,1.0,False
12011,WildDeepfake,std_mlp_r6_alpha24_p025__minus__std_mlp_attn_out_r5_alpha20_p025,std_mlp_r6_alpha24_p025,std_mlp_attn_out_r5_alpha20_p025,157,0.9146997929606626,0.9211180124223604,-0.006418219461697738,-0.02298136645962734,0.009741200828157263,-0.7959558784984928,0.42605768083542606,1.0,False,1.0,False,1.0,False
